name,url,price
Apple MacBook Air 13 M2 256 ГБ 2022 тёмная ночь,/noutbuk-apple-macbook-air-13-m2-2022-temnaya-noch-mly33lla/,128990.0
Dell Inspiron 5502 Silver (5502-1205),/noutbuk-dell-inspiron-5502-silver-5502-1205/,79190.0
ASUS M7600QE-L2007W Black (90NB0V71-M01910),/noutbuk-asus-m7600qe-l2007w-black-90nb0v71-m01910/,186990.0
HP Pavilion 15-eg0127ur (4E1C3EA),/noutbuk-hp-pavilion-15-eg0127ur-4e1c3ea/,100590.0
Apple MacBook Pro 13 M1 2020 серый космос,/noutbuk-apple-macbook-pro-13-m1-2020-seryy-kosmos-z11b0004u/,189990.0
HP Pavilion 15-eg0100ur (3B3E8EA),/noutbuk-hp-pavilion-15-eg0100ur-3b3e8ea/,79690.0
ASUS UX425EA-KI948W Pine Grey (90NB0SM1-M00DV0),/noutbuk-asus-ux425ea-ki948w-pine-grey-90nb0sm1-m00dv0/,98990.0
ASUS X515EA-BQ862T Grey (90NB0TY1-M22950),/noutbuk-asus-x515ea-bq862t-grey/,56090.0
ASUS X415EA-EB1313W Grey (90NB0TT2-M00DT0),/noutbuk-asus-x415ea-eb1313w-grey-90nb0tt2-m00dt0/,46190.0
Acer Extensa EX215-22-A2AZ Black (NX.EG9ER.00N),/noutbuk-acer-extensa-ex215-22-a2az-black-nxeg9er00n/,36290.0
Huawei MateBook B3-510 Grey (53012JEG),/noutbuk-huawei-matebook-b3-510-seryy-53012jeg/,68890.0
MSI GF63 Thin 11UC-216RU Black (9S7-16R612-216),/noutbuk-msi-gf63-thin-11uc-216ru-black-9s7-16r612-216/,109990.0
MSI Bravo 15 B5DD-220RU Black (9S7-158K12-220),/noutbuk-msi-bravo-15-b5dd-220ru-black-9s7-158k12-220/,118990.0
Acer Extensa EX215-22-A2DW Black (NX.EG9ER.00B),/noutbuki-acer-extensa-ex215-22-a2dw-black-nxeg9er00b/,35390.0
HP 15s-fq2050ur Silver (3C7A6EA),/noutbuki-hp-15s-fq2050ur-silver-3c7a6ea/,64890.0
HP 17-cp0133ur Black (5T938EA),/noutbuki-hp-17-cp0133ur-black-5t938ea/,74190.0
HP 17-cp0134ur Black (5T939EA),/noutbuki-hp-17-cp0134ur-black-5t939ea/,62090.0
ASUS K513EA-L11649W Q4 Transparent Silver (90NB0SG2-M47480),/noutbuk-asus-k513ea-l11649w-q4-transparent-silver-90nb0sg2-m47480/,62690.0
Lenovo IdeaPad 5 14ALC05 Grey (82LM0035RU),/noutbuk-lenovo-ideapad-5-14alc05-grey-82lm0035ru/,59990.0
HP 15s-eq2136ur (61R78EA),/noutbuk-hp-15s-eq2136ur-61r78ea/,53990.0
HP 15s-fq2120ur (61R81EA),/noutbuk-hp-15s-fq2120ur-61r81ea/,68190.0
ASUS ZenBook UX435EA-A5005T Pine Grey (90NB0RS1-M00440),/noutbuk-asus-zenbook-ux435ea-a5005t-90nb0rs1-m00440/,104490.0
ASUS ZenBook UX435EA-A5057T Pine Grey (90NB0RS1-M02020),/noutbuk-asus-zenbook-ux435ea-a5057t-pine-grey-90nb0rs1-m02020/,102290.0
ASUS UX425EA-KI947W Pine Grey (90NB0SM1-M00DU0),/noutbuk-asus-ux425ea-ki947w-pine-grey-90nb0sm1-m00du0/,82490.0
ASUS UX325EA-KG645W Pine Grey (90NB0SL1-M00EA0),/noutbuk-asus-ux325ea-kg645w-pine-grey-90nb0sl1-m00ea0/,84690.0
HP Pavilion 14-dy0007ur (3B3Q8EA),/noutbuk-hp-pavilion-14-dy0007ur-3b3q8ea/,81390.0
HP Pavilion 14-dv1001ur (595M0EA),/noutbuk-hp-pavilion-14-dv1001ur-595m0ea/,90190.0
ASUS X513EP-BQ555T Bespoke Black (90NB0SJ4-M07140),/noutbuk-asus-x513ep-bq555t-bespoke-black-90nb0sj4-m07140/,69990.0
Dell G15 5511 (G515-1359),/noutbuk-dell-g15-5511-g515-1359/,120990.0
ASUS X513EA-BQ2370W Dark Blue (90NB0SG4-M47810),/noutbuk-asus-x513ea-bq2370w/,62690.0
ASUS R754EA-BX627W (90NB0TW1-M007W0),/noutbuk-asus-r754ea-bx627w-90nb0tw1-m007w0/,56090.0
Acer Swift 3 SF316-51-54A3 Iron (NX.ABDER.00G),/noutbuk-acer-swift-3-sf316-51-54a3-iron/,109990.0
ASUS X515EA-BQ1186W Slate Grey (90NB0TY1-M25400),/noutbuk-asus-x515ea-bq1186w-slate-grey-90nb0ty1-m25400/,65990.0
ASUS Zenbook UM3402YA-KM082W Jade Black (90NB0W95-M00410),/noutbuk-asus-zenbook-um3402ya-km082w-jade-black-90nb0w95-m00410/,105590.0
HP 15s-eq1046ur (64S66EA),/noutbuk-hp-15s-eq1046ur/,49490.0
HP Envy 13-ba1017ur Natural Silver (4F752EA),/noutbuk-hp-envy-13-ba1017ur-natural-silver-4f752ea/,102290.0
Lenovo IdeaPad 3 15ALC6 Grey (82KU00MNRK),/noutbuk-lenovo-ideapad-3-15alc6-grey-82ku00mnrk/,80690.0
HP Envy 13-ay0008ur Black (1L6D3EA),/noutbuk-hp-envy-13-ay0008ur-black-1l6d3ea/,104490.0
Dell Vostro 3400 Black (3400-4579),/noutbuk-dell-vostro-black-3400-4579/,69290.0
ASUS Vivobook E510MA-EJ694T Black (90NB0Q65-M13660),/noutbuk-asus-vivobook-e510ma-ej694t-black-90nb0q65-m13660/,47290.0
HP 255 G8 Silver (32M58EA),/noutbuk-hp-255-g8-silver-32m58ea/,48390.0
HP 250 G8 Dark Ash Silver (2W8W8EA),/noutbuk-hp-250-g8-dark-ash-silver-2w8w8ea/,61590.0
Apple MacBook Air 13 M2 256 ГБ 2022 сияющая звезда,/noutbuk-apple-macbook-air-13-m2-2022-siyayuschaya-zvezda/,128990.0
Apple MacBook Air 13 M2 256 ГБ 2022 серый космос,/noutbuk-apple-macbook-air-13-m2-2022-seryy-kosmos/,134990.0
Apple MacBook Air 13 M2 512 ГБ 2022 сияющая звезда,/noutbuk-apple-macbook-air-13-m2-512gb-2022-siyayuschaya-zvezda/,148990.0
MSI Pulse GL66 12UGK-257RU Grey (9S7-158314-257),/noutbuk-msi-pulse-gl66-12ugk-257ru-grey-9s7-158314-257/,241990.0
HP 15s-fq0069ur Gray (3B3P0EA),/noutbuk-hp-15s-fq0069ur-gray-3b3p0ea/,29990.0
Lenovo V17 G2 ITL Gray (82NX00DGRU),/noutbuk-lenovo-v17-g2-itl-gray-82nx00dgru/,96790.0
HP Pavilion 15-eh1128ur Natural Silver (638D1EA),/noutbuk-hp-pavilion-15-eh1128ur-natural-silver-638d1ea/,98990.0
Lenovo Thinkbook 15 G2 ITL Gray (20VE0007RU),/noutbuk-lenovo-thinkbook-15-g2-itl/,62990.0
ASUS VivoBook K413EA-EB1791W Indie Black (90NB0RLF-M27690),/noutbuk-asus-vivobook-k413ea-eb1791w-indie-black-90nb0rlf-m27690/,104490.0
ASUS ZenBook UM425QA-KI164W Gray (90NB0TV1-M002F0),/noutbuk-asus-zenbook-um425qa-ki164w-gray-90nb0tv1-m002f0/,92390.0
ASUS UX425EA-KI831W Grey (90NB0SM1-M00CE0),/noutbuk-asus-ux425ea-ki831w-grey-90nb0sm1-m00ce0/,97890.0
ASUS Zenbook Flip 13 UX363EA-HP461W Pine Grey (90NB0RZ1-M16880),/noutbuk-asus-zenbook-flip-13-ux363ea-hp461w-pine-grey-90nb0rz1-m16880/,101190.0
ASUS Zenbook Duo UX482EGR-HY365X Celestial Blue (90NB0S51-M06920),/noutbuk-asus-zenbook-duo-ux482egr-hy365x-celestial-blue/,181490.0
HP 17-cp0142ur Silver (638G5EA),/noutbuk-hp-17-cp0142ur/,99990.0
Acer Swift 3 SF314-511-50JT Blue (NX.ACWER.004),/noutbuk-acer-swift-3-sf314-511-50jt-blue-nxacwer004/,79190.0
Apple MacBook Air 13 M2 512 ГБ 2022 серебристый,/noutbuk-apple-macbook-air-13-m2-512-gb-2022-serebristyy/,149990.0
Apple MacBook Air 13 M2 512 ГБ 2022 серый космос,/noutbuk-apple-macbook-air-13-m2-512-gb-2022-seryy-kosmos/,159990.0
Apple MacBook Air 13 M2 512 ГБ 2022 тёмная ночь,/noutbuk-apple-macbook-air-13-m2-512-gb-2022-temnaya-noch/,148990.0
Apple MacBook Air 13 M2 256 ГБ 2022 серебристый,/noutbuk-apple-macbook-air-13-m2-256-gb-2022-serebristyy/,124990.0
HP Omen 16-c0015ur Gray (67H23EA),/noutbuk-hp-omen-16-c0015ur-gray-67h23ea/,189990.0
Lenovo IdeaPad 5 15ALC05 Grey (82LN00P8RE),/noutbuk-lenovo-ideapad-5-15alc05-grey-82ln00p8re/,79990.0
HP Pavilion Aero 13-be0047ur Silver (4E0Z1EA),/noutbuk-hp-pavilion-aero-13-be0047ur-silver-4e0z1ea/,77990.0
Acer Swift 3 SF316-51-79JK Iron (NX.ABDER.00H),/noutbuk-acer-swift-3-sf316-51-79jk-iron-nxabder00h/,116990.0
Acer TravelMate P2 TMP215-41-G2-R03V Black (NX.VRYER.008),/noutbuk-acer-travelmate-p2-tmp215-41-g2-r03v-black/,70990.0
ASUS Zenbook 14X OLED UX5400EG-KN193T Gray (90NB0T83-M03200),/noutbuk-asus-zenbook-14x-oled-ux5400eg-kn193t-gray-90nb0t83/,99990.0
HP Spectre x360 13-aw2025ur Silver (2X1X7EA),/noutbuk-hp-spectre-x360-13-aw2025ur-silver-2x1x7ea/,129990.0
HP 250 G9 Silver (6F200EA),/noutbuk-hp-250-g9-silver/,58990.0
HP 17-cn0092ur Black (4E1U8EA),/noutbuk-hp-17-cn0092ur-black/,42990.0
HP 15s-fq2016ur Grey (2X1S3EA),/noutbuk-hp-15s-fq2016ur-grey-2x1s3ea/,47990.0
HP Spectre x360 13-aw2024ur Black (2X1X6EA),/noutbuk-hp-spectre-x360-13-aw2024ur-black-2x1x6ea/,129990.0
HP 15s-fq2001ny Jet Black (488H9EA),/noutbuk-hp-15s-fq2001ny-jet-black-488h9ea/,65590.0
HP 15s-fq2003ny Black (488J2EA),/noutbuk-hp-15s-fq2003ny-black-488j2ea/,48380.0
HP ProBook 450 G8 Pike silver  (2E9G0EA),/noutbuki-hp-probook-450-g8-serebristyy-2e9g0ea/,85490.0
HP 15-dw1055ur Chalkboard Gray (22N54EA),/noutbuk-hp-15-dw1055ur-gray/,34990.0
Acer Extensa EX215-52-7009 Black (NX.EG8ER.012),/noutbuki-acer-extensa-ex215-52-7009-nxeg8er012/,59390.0
Acer Extensa EX215-22-R53Z Black (NX.EG9ER.00J),/noutbuki-acer-extensa-ex215-22-r53z-nxeg9er00j-black/,35390.0
HP 15-db1239ur Grey (22P73EA),/noutbuki-hp-15-db1239ur-grey-22p73ea/,40190.0
HP 250 G8 Silver (27K02EA),/noutbuki-hp-250-g8-silver-27k02ea/,51990.0
HP 250 G8 Silver (2W1H3EA),/noutbuki-hp-250-g8-silver-2w1h3ea/,65590.0
Lenovo Thinkbook 15 G2 ITL Grey (20VE009BRU),/noutbuki-lenovo-thinkbook-15-g2-itl-grey-20ve009bru/,102390.0
Acer Extensa EX215-52-325A (NX.EG8ER.006),/noutbuki-acer-extensa-ex215-52-325a-nxeg8er006/,48390.0
Acer Extensa EX215-52-38MH Black (NX.EG8ER.019),/noutbuki-acer-extensa-ex215-52-38mh-nxeg8er019/,44990.0
Lenovo Thinkbook 15 G3 ACL (21A4008QRU),/noutbuki-lenovo-thinkbook-15-g3-acl-21a4008qru/,79990.0
Lenovo V15-ADA (82C7000YRU),/noutbuki-lenovo-v15-ada-82c7000yru/,54090.0
Lenovo Thinkbook 15 G2 Grey (20VE0051RU),/noutbuki-lenovo-thinkbook-15-g2-grey-20ve0051ru/,78990.0
Lenovo Thinkbook 15 G2 Grey (20VE00RMRU),/noutbuki-lenovo-thinkbook-15-g2-grey-20ve00rmru/,83290.0
MSI GL66 11UCK-423XRU Grey (9S7-158224-423),/noutbuki-msi-gl66-11uck-423xru-grey-9s7-158224-423/,137990.0
Honor MagicBook Grey (5301ABCM),/noutbuk-honor-magicbook-161-grey-5301abcm/,96790.0
Lenovo IdeaPad 3 17ITL6 (82H9008YRU),/noutbuki-lenovo-ideapad-3-17itl6-82h9008yru/,32190.0
Acer Extensa EX215-22-R06J (NX.EG9ER.012),/noutbuki-acer-extensa-ex215-22-r06j-nxeg9er012/,50990.0
Lenovo IdeaPad 3 (81W400D6RU),/noutbuki-lenovo-ideapad-3-81w400d6ru/,65990.0
HP 15s-eq1427ur (5T906EA),/noutbuki-hp-15s-eq1427ur-5t906ea/,41390.0
HP Omen 15-en1048ur (640A6EA),/noutbuki-hp-omen-15-en1048ur-640a6ea/,161990.0
HP VICTUS 16-d0033ur (4E1S4EA),/noutbuki-hp-victus-16-d0033ur-4e1s4ea/,115990.0
Acer EX215-22-R2BT (NX.EG9ER.00T),/noutbuki-acer-ex215-22-r2bt-nxeg9er00t/,35870.0
Lenovo IdeaPad 1 14ADA05 Blue (82GW008ARK),/noutbuki-lenovo-ideapad-1-14ada05-blue-82gw008ark/,37260.0
Lenovo IdeaPad 1 14ADA05 Grey (82GW0088RU),/noutbuki-lenovo-ideapad-1-14ada05-grey-82gw0088ru/,35990.0
Lenovo IdeaPad 3 14ITL05 Blue (81X7007GRU),/noutbuki-lenovo-ideapad-3-14itl05-blue-81x7007gru/,46560.0
Lenovo IdeaPad 3 14ITL6 Blue (82H7009PRU),/noutbuki-lenovo-ideapad-3-14itl6-blue-82h7009pru/,47990.0
MSI GF63 Thin 11UD-221RU Black (9S7-16R612-221),/noutbuki-msi-gf63-thin-11ud-221ru-ms-16r6-9s7-16r612-221/,115490.0
MSI Pulse GL66 11UCK-422RU Grey (9S7-158224-422),/noutbuki-msi-pulse-gl66-11uck-422ru-ms-1582-grey-9s7-158224-422/,111310.0
MSI Raider GE66 12UGS-289RU Grey (9S7-154414-289),/noutbuki-msi-raider-ge66-12ugs-289ru-ms-1544-grey-9s7-154414-289/,251340.0
ASUS E410MA-EK1281W Peacock Blue (90NB0Q11-M41630),/noutbuk-asus-e410ma-ek1281w-peacock-blue/,30790.0
ASUS Vivobook 15 X515EA-BQ1189W,/noutbuki-asus-vivobook-15-x515ea-bq1189w/,43490.0
Dell Vostro 3515-5326,/noutbuki-dell-vostro-3515-5326/,48090.0
Acer Aspire A315-56-50Z5 (NX.HS5ER.008),/noutbuki-acer-aspire-a315-56-50z5-nxhs5er008/,58690.0
HP 15s-eq1405ur (4D4A2EA),/noutbuki-hp-15s-eq1405ur-4d4a2ea/,41790.0
HP 255 G8 (2E9J5EA),/noutbuki-hp-255-g8-2e9j5ea/,52990.0
HP VICTUS 16-d0053ur (4E1S5EA),/noutbuki-hp-victus-16-d0053ur-4e1s5ea/,108490.0
Lenovo V15-ADA Grey (82C70005RU),/noutbuk-lenovo-v15-ada-grey-82c70005ru/,65990.0
HP Victus 16-e0145ur (638F0EA),/noutbuki-hp-victus-16-e0145ur-638f0ea/,146990.0
HP Victus 16-e0146ur (638F1EA),/noutbuki-hp-victus-16-e0146ur-638f1ea/,134390.0
Lenovo IdeaPad 3 15ADA05 (81W101AJRU),/noutbuki-lenovo-ideapad-3-15ada05-81w101ajru/,41899.0
MSI Alpha 15 B5EEK-054RU (9S7-158L12-054),/noutbuki-msi-alpha-15-b5eek-054ru-9s7-158l12-054/,127790.0
MSI Prestige 15 A11UC-070RU (9S7-16S711-070),/noutbuki-msi-prestige-15-a11uc-070ru-9s7-16s711-070/,154790.0
Lenovo ThinkBook G2 20VE00RERU,/noutbuki-lenovo-thinkbook-g2-20ve00reru/,106990.0
HP 250 G7 Black (197V9EA),/noutbuk-hp-250-g7-cmd-n4020-black/,27990.0
Apple MacBook Air 13 M1 2020 серебристый,/noutbuk-apple-macbook-air-13-m1-2020-serebristyy-mgn93ru-a/,99990.0
Apple MacBook Pro 14 M1 PRO серебристый,/noutbuk-apple-macbook-pro-14-m1-pro-512gb-serebristyy/,195990.0
Apple MacBook Pro 14 M1 PRO серый космос,/noutbuk-apple-macbook-pro-14-m1-pro-512gb-seryy-kosmos/,195990.0
Apple MacBook Pro 16 M1 PRO серебристый,/noutbuk-apple-macbook-pro-16-m1-pro-1tb-serebristyy/,275990.0
Apple MacBook Pro 16 M1 MAX серебристый,/noutbuk-apple-macbook-pro-16-m1-max-1tb-serebristyy/,397990.0
Acer Swift 3 SF314-43-R3JP Silver (NX.AB1ER.00B),/noutbuki-acer-swift-sf314-43-r3jp-silver-nxab1er00b/,73690.0
Acer Aspire 5 A515-45-R473 Silver (NX.A7YER.006),/noutbuk-acer-aspire-5-a515-45-r473-silver-nxa7yer006/,54990.0
HP Omen 16-c0049ur Gray (4E1S2EA),/noutbuk-hp-omen-16-c0049ur-black-4e1s2ea/,142990.0
ASUS Vivobook Pro 16X M7600QC-L2006W Earl Grey (90NB0V81-M01800),/noutbuk-asus-vivobook-pro-16x-m7600qc-l2006w-earl-grey-90nb0v81-m01800/,142990.0
Acer Extensa EX215-22-R21J Black (NX.EG9ER.00L),/noutbuk-acer-extensa-ex215-22-r21j-black-nxeg9er00l/,46990.0
HP Victus 16-e0091ur (4M086EA),/noutbuk-hp-victus-16-e0091ur-4m086ea/,69990.0
HP 15-dw1053ur Grey (22N51EA),/noutbuk-hp-15-dw1053ur-22n51ea/,36990.0
Lenovo Yoga Slim 7 14ITL05 Red (82A3009CRU),/noutbuk-lenovo-yoga-slim-7-14itl05-82a3009cru/,77990.0
ASUS UX482EG-HY442W (90NB0S51-M004R0),/noutbuk-asus-ux482eg-hy442w-90nb0s51-m004r0/,143990.0
Acer Aspire 3 A315-34-C0BG Black (NX.HE3ER.01Y),/noutbuk-acer-aspire-3-a315-34-c0bg-black-nxhe3er01y/,30990.0
ASUS ExpertBook B5 Flip B5302FEA-LF0594T Star Black (90NX03R1-M06610),/noutbuk-asus-expertbook-b5-flip-b5302fea-lf0594t-star-black-90nx03r1-m06610/,126990.0
HP 15s-eq2135ur Silver (61S05EA),/noutbuk-hp-15s-eq2135ur-silver-61s05ea/,69990.0
HP 15s-fq2115ur Silver (61R53EA),/noutbuk-hp-15s-fq2115ur-61r53ea/,59990.0
ASUS K3400PA-KP112W Q4 (90NB0UY3-M02070),/noutbuk-asus-k3400pa-kp112w-q4-90nb0uy3-m02070/,77990.0
MSI Creator M16 A12UD-208RU Black (9S7-158432-208),/noutbuk-msi-creator-m16-a12ud-208ru-9s7-158432-208/,230990.0
HP Pavilion x360 14-dy0005ur (3B3K3EA),/noutbuk-hp-pavilion-x360-14-dy0005ur-3b3k3ea/,67990.0
MSI GF63 Thin 11UD-223XRU Black (9S7-16R612-223),/noutbuk-msi-gf63-thin-11ud-223xru-9s7-16r612-223/,95980.0
MSI GF63 Thin 11UD-220RU Black (9S7-16R612-220),/noutbuk-msi-gf63-thin-11ud-220ru-9s7-16r612-220/,112590.0
Lenovo IdeaPad 1 14IGL05 Silver (81VU007VRU),/noutbuk-lenovo-ideapad-1-14igl05-silver-81vu007vru/,29990.0
Lenovo IdeaPad L3 15ITL6 Grey (82HL008YRU),/noutbuk-lenovo-ideapad-l3-15itl6-grey-82hl008yru/,40180.0
Lenovo IdeaPad 5 Pro 16ACH6 Grey (82L500NMRU),/noutbuk-lenovo-ideapad-5-pro-16ach6-grey-82l500nmru/,99990.0
Lenovo ThinkPad X1 Fold Gen 1 Black (20RKS05M00),/noutbuk-lenovo-thinkpad-x1-fold-gen-1-black-20rks05m00/,209990.0
HP 17-cn0112ur Silver (61R57EA),/noutbuk-hp-17-cn0112ur-silver-61r57ea/,65990.0
Lenovo IdeaPad L3 15ITL6 Grey (82HL008SRU),/noutbuk-lenovo-ideapad-l3-15itl6-grey-82hl008sru/,52990.0
ASUS ExpertBook B9400CEA-KC0309R (90NX0SX1-M03650),/noutbuk-asus-b9400cea-kc0309r-90nx0sx1-m03650/,158990.0
ASUS M513UA-L1179T Black (90NB0TP1-M06360),/noutbuk-asus-m513ua-l1179t-black-90nb0tp1-m06360/,82490.0
Honor MagicBook X15 Gray (BBR-WAH9),/noutbuk-honor-magicbook-x15-gray-bbr-wah9/,69990.0
ASUS X415EA-EK608T Grey (90NB0TT2-M08560),/noutbuk-asus-x415ea-ek608t-grey-90nb0tt2-m08560/,39990.0
ASUS TUF Gaming F15 FX506LH-HN236 Bonfire Black (90NR03U2-M08560),/noutbuk-asus-tuf-gaming-f15-fx506lh-hn236-bonfire-black-90nr03u2-m08560/,105590.0
ASUS Vivobook 15 K513EA-L12252W Spangle Silver (90NB0SG2-M47710),/noutbuk-asus-vivobook-15-k513ea-l12252w-spangle-silver-90nb0sg2-m47710/,103390.0
ASUS N7400PC-KM150 Silver (90NB0U44-M002M0),/noutbuk-asus-n7400pc-km150-silver/,113290.0
Huawei MateBook D 15 BOD-WDI9 Gray (53013GHC),/noutbuk-huawei-matebook-d-15-bod-wdi9-53013ghc/,42820.0
HP Victus 16-e0106ur Mica Silver (64V31EA),/noutbuk-hp-victus-16-e0106ur-mica-silver-64v31ea/,91990.0
HP Envy 15-ep1031ur Natural Silver (4Z2Q5EA),/noutbuk-hp-envy-15-ep1031ur-natural-silver-4z2q5ea/,153990.0
HP Envy 15-es1003ur (5B851EA),/noutbuk-hp-envy-15-es1003ur-5b851ea/,88990.0
ASUS Vivobook Pro 14 Quiet Blue M3401QC-KM022W (90NB0VF2-M01600),/noutbuk-asus-vivobook-pro-14-quiet-blue-m3401qc-km022w-90nb0vf2-m01600/,126490.0
ASUS VivoBook Flip 14 TP470EA-EC002T Black (90NB0S01-M05360),/noutbuk-asus-vivobook-flip-14-tp470ea-ec002t-90nb0s01-m05360/,61590.0
Apple MacBook Pro 13 M2 512 ГБ серый космос,/noutbuk-apple-macbook-pro-13-m2-512-gb-seryy-kosmos/,168990.0
HP 255 G7 Black (2V0F4ES),/noutbuki-hp-255-g7-dksilver-2v0f4es/,39390.0
Acer Extensa EX215-54-775R Black (NX.EGJER.002),/noutbuki-acer-extensa-ex215-54-775r-nxegjer002/,68590.0
MSI Sword 15 A12UE-286XRU (9S7-158333-286),/noutbuki-msi-sword-15-a12ue-286xru-9s7-158333-286/,150990.0
HP 17-cp0138ur (1R58EA),/noutbuki-hp-17-cp0138ur-61r58ea/,104690.0
HP VICTUS 16-e0077ur (4E1K9EA),/noutbuki-hp-victus-16-e0077ur-4e1k9ea/,106690.0
Acer TravelMate TMP214-41-G2-R3C7 (NX.VSAER.002),/noutbuki-acer-travelmate-tmp214-41-g2-r3c7-nxvsaer002/,88590.0
Dell Inspiron Platinum Silver (3511-0895),/noutbuk-dell-inspiron-platinum-silver/,83590.0
ASUS FX706HEB-HX103 (90NR0713-M03690),/noutbuki-asus-fx706heb-hx103-90nr0713-m03690/,141490.0
HP Omen 16-b0033ur (4E1R7EA),/noutbuki-hp-omen-16-b0033ur-4e1r7ea/,189490.0
Lenovo V15-IGL (82C3008JRU),/noutbuki-lenovo-v15-igl-82c3008jru/,27490.0
Apple MacBook Air 13 M1 2020 золотой,/noutbuk-apple-macbook-air-13-m1-2020-zolotoy-mgnd3ru-a/,99990.0
Apple MacBook Air 13 M1 2020 серый космос,/noutbuk-apple-macbook-air-13-m1-2020-seryy-kosmos-mgn63ru-a/,99990.0
Apple MacBook Pro 16 M1 PRO серебристый,/noutbuk-apple-macbook-pro-16-m1-pro-512gb-serebristyy/,219990.0
ASUS ROG Strix G15 G513RW-HQ153W Electro Punk (90NR0897-M007D0),/noutbuk-asus-rog-strix-g15-g513rw-hq153w-electro-punk-90nr0897-m007d0/,229990.0
ASUS ZenBook UX5401EA-KU124W Pine Grey (90NB0UQ1-M04970),/noutbuk-asus-zenbook-ux5401ea-ku124w-pine-grey-90nb0uq1-m04970/,169990.0
ASUS ROG Strix G15 G513QY-HF001 (90NR06X4-M00090),/noutbuk-asus-rog-strix-g15-g513qy-hf001-90nr06x4-m00090/,209990.0
ASUS K513EA-L12777W Silver (90NB0SG2-M001W0),/noutbuk-asus-k513ea-l12777w-silver-90nb0sg2-m001w0/,87990.0
ASUS M533IA-BN316T Star Grey (90NB0RF3-M06750),/noutbuk-asus-m533ia-bn316t-star-grey-90nb0rf3-m06750/,75990.0
ASUS M513UA-EJ514W (90NB0TP1-M09560),/noutbuk-asus-m513ua-ej514w-90nb0tp1-m09560/,64990.0
Lenovo ThinkPad T480 Black,/noutbuki-lenovo-thinkpad-t480-black/,96570.0
ASUS ROG Zephyrus Duo GX551QS-HF119T Black 90NR04N1-M02570,/noutbuk-asus-rog-zephyrus-duo-gx551qs-hf119t-black-90nr04n1-m02570/,289990.0
ASUS VivoBook X515JA-BQ041T Slate Grey (90NB0SR1-M09150),/noutbuk-asus-vivobook-x515ja-bq041t-slate-grey-90nb0sr1-m09150/,45990.0
HP Envy 15x360 15-ee0020ur Nightfall Black (47G05EA#ACB),/noutbuk-hp-envy-15x360-15-ee0020ur-nightfall-black-47g05eaacb/,71990.0
Acer Swift SF514-54G-5607 White (NX.AHNER.001),/noutbuk-acer-swift-sf514-54g-5607-white-nxahner001/,79990.0
MSI Creator 17 B11UG-223RU TigerLake (9S7-17M121-415),/noutbuk-msi-creator-17-b11ug-223ru-tigerlake-9S7-17M121-415/,239990.0
MSI GS66 11UH-251RU TigerLake (9S7-16V412-251),/noutbuk-msi-gs66-11uh-251ru-tigerlake-9S7-16V412-251/,319990.0
Acer Aspire A315-23-R2V5 Black (NX.HVTER.01W),/noutbuk-acer-aspire-a315-23-r2v5/,39990.0
MSI Summit E13 Flip Evo A11MT-205RU White (9S7-13P212-205),/noutbuk-msi-summit-e13-flip-evo-a11mt-205ru-white-9s7-13p212-205/,146990.0
ASUS X515JF-BR241T Grey (90NB0SW1-M04380),/noutbuk-asus-x515jf-br241t-grey-90nb0sw1-m04380/,29990.0
Lenovo Yoga Slim 7 14ITL05 Green (82A30099RU),/noutbuk-lenovo-yoga-slim-7-14itl05-82a30099ru/,67190.0
Lenovo Thinkbook 15 G2 ITL Grey (20VE00RWRU),/noutbuk-lenovo-thinkbook-15-g2-itl-grey-20ve00rwru/,68990.0
ASUS VivoBook 14 X415EA-EB528T Grey (90NB0TT2-M07330),/noutbuk-asus-vivobook-14-x415ea-eb528t-grey-90nb0tt2-m07330/,54990.0
ASUS TUF A15 FX506IC-HN025W Q4 Eclipse Grey (90NR0666-M00890),/noutbuk-asus-tuf-a15-fx506ic-hn025w-q4-eclipse-grey/,152090.0
MSI GP76 12UGS-454RU Black (9S7-17K412-454),/noutbuk-msi-gp76-12ugs-454ru-black-9s7-17k412-454/,210720.0
MSI GE66 Raider 12UGS-288RU (9S7-154414-288),/noutbuk-msi-ge66-raider-12ugs-288ru-9s7-154414-288/,269520.0
MSI GS66 12UGS-212RU Black (9S7-16V512-212),/noutbuk-msi-gs66-12ugs-212ru-9s7-16v512-212/,329990.0
MSI GS66 12UGS-211RU Black (9S7-16V512-211),/noutbuk-msi-gs66-12ugs-211ru-black-9s7-16v512-211/,355890.0
Lenovo IdeaPad 5 Pro 16IHU6 Grey (82L900APRU),/noutbuk-lenovo-ideapad-5-pro-16ihu6-grey-82l900apru/,129990.0
Lenovo IdeaPad 5 Pro 16ACH6 Grey (82L500NARU),/noutbuk-lenovo-ideapad-5-pro-16ach6-grey-82l500naru/,109990.0
Acer Aspire A715-42G-R4QV (NH.QBFER.005),/noutbuk-acer-aspire-a715-42g-r4qv-nhqbfer005/,79990.0
Lenovo Yoga Slim 7 Pro 14ACH5 (82MS001XRU),/noutbuk-lenovo-yoga-slim-7-pro-14ach5-82ms001xru/,162890.0
MSI Alpha 15 B5EEK-053RU Black (9S7-158L12-053),/noutbuk-msi-alpha-15-b5eek-053ru-black-9s7-158l12-053/,148490.0
MSI GL76 12UEK-072RU Grey (9S7-17L314-072),/noutbuk-msi-gl76-12uek-072ru-grey-9s7-17l314-072/,160890.0
HP Omen 17-ck0044ur Shadow black (4E1C6EA),/noutbuk-hp-omen-17-ck0044ur-4e1c6ea/,262390.0
HP Omen 17-ck0026ur Shadow black (4E1T9EA),/noutbuk-hp-omen-17-ck0026ur-4e1t9ea/,188690.0
MSI GE76 12UGS-439RU Titanium Blue (9S7-17K424-439),/noutbuk-msi-ge76-12ugs-439ru-9s7-17k424-439/,345300.0
Acer Extensa EX215-22-R1RG Black (NX.EG9ER.01L),/noutbuki-acer-extensa-ex215-22-r1rg-black-nxeg9er01l/,51490.0
Acer Extensa EX215-32-C4QC Black (NX.EGNER.008),/noutbuki-acer-extensa-ex215-32-c4qc-black-nxegner008/,34490.0
Acer Extensa EX215-32-C7N5 Black (NX.EGNER.006),/noutbuki-acer-extensa-ex215-32-c7n5-black-nxegner006/,26999.0
ASUS M7600QC-L2003 Black (90NB0V81-M01010),/noutbuki-asus-m7600qc-l2003-black-90nb0v81-m01010/,151990.0
HP 15s-eq2069ur Gray (4D4A7EA),/noutbuki-hp-15s-eq2069ur-gray-4d4a7ea/,53870.0
HP 15s-eq2123ur Silver (601H1EA),/noutbuki-hp-15s-eq2123ur-silver-601h1ea/,70052.0
HP 250 G8 Silver (2W9A5EA),/noutbuki-hp-250-g8-silver-2w9a5ea/,64390.0
HP 250 G8 Silver (3Z6T0ES),/noutbuki-hp-250-g8-silver-3z6t0es/,62090.0
HP 255 G8 Silver (3V5K8EA),/noutbuki-hp-255-g8-silver-3v5k8ea/,66690.0
HP 255 G8 Silver (45M82ES),/noutbuki-hp-255-g8-silver-45m82es/,58590.0
HP 470 G8 Silver (439T7EA),/noutbuki-hp-470-g8-silver-439t7ea/,98790.0
HP EliteBook 855 G8 Silver (459H4EA),/noutbuki-hp-elitebook-855-g8-silver-459h4ea/,84490.0
HP Pavilion 15-eh1021ur Silver 3E3R9EA,/noutbuki-hp-pavilion-15-eh1021ur-silver-3e3r9ea/,103490.0
HP Victus 16-e0087ur Blue (4M085EA),/noutbuki-hp-victus-16-e0087ur-blue-4m085ea/,114890.0
Lenovo ThinkBook 14 G2 Grey (20VD003BRU),/noutbuki-lenovo-thinkbook-14-g2-grey-20vd003bru/,126490.0
Lenovo Thinkbook 15 G2 Grey (20VE0004RU),/noutbuki-lenovo-thinkbook-15-g2-grey-20ve0004ru/,94990.0
Lenovo ThinkBook 15 G3 Grey (21A4009BRU),/noutbuki-lenovo-thinkbook-15-g3-grey-21a4009bru/,88990.0
HP 15s-eq2134ur (61S04EA),/noutbuk-hp-15s-eq2134ur-61s04ea/,76490.0
Honor MagicBook X14 Silver (5301ABDQ),/noutbuk-honor-magicbook-x14-silver-5301abdq/,59990.0
HP 15s-eq2090ur Silver (595M5EA),/noutbuk-hp-15s-eq2090ur-silver-595m5ea/,71010.0
Ноутбук Acer Extensa EX215-22-R9VD (NX.EG9ER.017),/noutbuk-noutbuk-acer-extensa-ex215-22-r9vd-nxeg9er017/,69990.0
HP Pavilion 14-dy0011ur (3B3K6EA),/noutbuk-hp-pavilion-14-dy0011ur-3b3k6ea/,120990.0
ASUS ZenBook 15 UX535LI-H2171T Pine Grey (90NB0RW1-M05510),/noutbuk-asus-zenbook-15-ux535li-h2171t-pine-grey-90nb0rw1-m05510/,169990.0
Dell G15 5510 (G515-7135),/noutbuk-dell-g15-5510/,127590.0
ASUS UX325EA-KG446W Pine Grey (90NB0SL1-M11170),/noutbuk-asus-ux325ea-kg446w-pine-grey-90nb0sl1-m11170/,69990.0
ASUS T3300KA-LQ081W Black (90NB0VC2-M008B0),/noutbuk-asus-t3300ka-lq081w-black-90nb0vc2-m008b0/,64390.0
ASUS Vivobook S14 S433EA-KI2355W Light Grey (90NB0RL4-M00NM0),/noutbuk-asus-vivobook-s14-s433ea-ki2355w-light-grey-90nb0rl4-m00nm0/,87990.0
ASUS ROG Strix Scar 15 G533ZX-LN065W Black (90NR08E2-M00360),/noutbuk-asus-rog-strix-scar-15-g533zx-ln065w-black-90nr08e2-m00360/,399990.0
ASUS ROG Zephyrus M16 GU603ZW-K8068W Black (90NR0831-M003L0),/noutbuk-asus-rog-zephyrus-m16-gu603zw-k8068w-black-90nr0831-m003l0/,399990.0
ASUS M513UA-EJ408 (90NB0TP1-M09840),/noutbuk-asus-m513ua-ej408-90nb0tp1-m09840/,56990.0
ASUS UX5400EA-KN272W Pine Grey (90NB0TA3-M002S0),/noutbuk-asus-ux5400ea-kn272w-pine-grey-90nb0ta3-m002s0/,87990.0
ASUS Vivobook Pro 14X N7400PC-KM024W Cool Silver (90NB0U44-M02770),/noutbuk-asus-vivobook-pro-14x-n7400pc-km024w-cool-silver-90nb0u44-m02770/,109990.0
ASUS M3401QA-KM016W Quiet Blue (90NB0VZ2-M002T0),/noutbuk-asus-m3401qa-km016w-quiet-blue-90nb0vz2-m002t0/,70790.0
ASUS ROG Strix Scar 17 G733ZW-LL093W Black (90NR08G2-M004L0),/noutbuk-asus-rog-strix-scar-17-g733zw-ll093w-black-90nr08g2-m004l0/,359990.0
ASUS FX706HEB-HX103W (90NR0713-M04480),/noutbuk-asus-tuf-gaming-f17-fx706heb-hx103w-eclipse-gray-90nr0713-m04480/,129990.0
ASUS TUF Gaming FX507ZM-HN078 (90NR09A1-M001X0),/noutbuk-asus-tuf-gaming-fx507zm-hn078-90nr09a1-m001x0/,175990.0
ASUS ROG Strix Scar 17 G733ZW-LL152W Black (90NR08G2-M008T0),/noutbuk-asus-rog-strix-scar-17-g733zw-ll152w-black-90nr08g2-m008t0/,349990.0
ASUS ROG Strix G15 G513RM-HQ164W Eclipse Gray (90NR0845-M00880),/noutbuk-asus-rog-strix-g15-g513rm-hq164w-eclipse-gray-90nr0845-m00880/,199990.0
ASUS Zenbook Pro 15 UM535QE-KY260W Pine Grey (90NB0V91-M00J30),/noutbuk-asus-zenbook-pro-15-um535qe-ky260w-pine-grey-90nb0v91-m00j30/,161990.0
ASUS M3401QA-KM016W Quiet Blue (90NB0UT2-M001Y0),/noutbuk-asus-m3401qa-km016w-blue-90nb0ut2-m001y0/,134990.0
ASUS M3500QC-L1304W Quiet Blue (90NB0UT2-M002B0),/noutbuk-asus-m3500qc-l1304w-quiet-blue-90nb0ut2-m002b0/,139990.0
ASUS VivoBook Pro M7600QE-L2014 (90NB0V71-M00840),/noutbuk-asus-vivobook-pro-m7600qe-l2014-90nb0v71-m00840/,179990.0
Huawei MateBook D 15 BoM-WFQ9 Silver (53013HST),/noutbuk-huawei-matebook-d-15-bom-wfq9-53013hst/,63990.0
Huawei MateBook D 14 NbD-WDH9 Silver (53013ERM),/noutbuk-huawei-matebook-d14-nbd-wdh9-silver/,55990.0
Huawei MateBook D 15 BOD-WDI9 Silver (53013ERV),/noutbuk-huawei-matebook-d-15-bod-wdi9-53013erv/,41790.0
Huawei MateBook D 14 NbD-WDI9 Silver (53013ERK),/noutbuk-huawei-matebook-d-14-nbd-wdi9-53013erk/,41790.0
Acer Aspire A317-52-36CD Black (NX.HZWER.00P),/noutbuk-acer-aspire-a317-52-36cd-black-nxhzwer00p/,65990.0
Acer Aspire A317-52-37LW Black (NX.HZWER.00J),/noutbuk-acer-aspire-a317-52-37lw-black-nxhzwer00j/,49990.0
ASUS ROG Strix G15 G513IE-HN004 Eclipse Gray (90NR0582-M00050),/noutbuk-asus-rog-strix-g15-g513ie-hn004-eclipse-gray-90nr0582-m00050/,89990.0
HP Victus 16-e0081ur (4E1L3EA),/noutbuk-hp-victus-16-e0081ur/,103990.0
HP Pavilion 15-eg0125ur (4E1C1EA),/noutbuk-hp-pavilion-15-eg0125ur-4e1c1ea/,73990.0
ASUS ZenBook Flip S13 UX371EA-HL492W Black (90NB0RZ2-M16890),/noutbuk-asus-zenbook-flip-s13-ux371ea-hl492w-black-90nb0rz2-m16890/,153990.0
ASUS ProArt StudioBook H7600HM-L2030X Black (90NB0VD1-M002J0),/noutbuk-asus-proart-studiobook-h7600hm-l2030x-black-90nb0vd1-m002j0/,179990.0
ASUS VivoBook M513UA-L1301T Black (90NB0TP1-M05980),/noutbuk-asus-vivobook-m513ua-l1301t-black/,76990.0
Acer Aspire A315-21-66KF (NX.GNVER.107),/noutbuki-acer-aspire-a315-21-66kf-nxgnver107/,20790.0
Lenovo ThinkPad Edge E580 Black (20KS006HRT),/noutbuk-lenovo-thinkpad-edge-e580-20ks006hrt-black/,59630.0
Lenovo ThinkPad EDGE E580 black (20KS004GRT),/noutbuk-lenovo-thinkpad-edge-e580-20ks004grt-black/,68050.0
Lenovo ThinkPad EDGE E580 black (20KS001JRT),/noutbuk-lenovo-thinkpad-edge-e580-20ks001jrt-black/,73770.0
Acer Swift SF314-54-87RS Silver (NX.GXZER.005),/noutbuki-acer-swift-sf314-54-87rs-nxgxzer005-silver/,73430.0
Acer Swift3 SF314-54G-52CK Blue (NX.GYJER.002),/noutbuki-acer-swift3-sf314-54g-52ck-nxgyjer002/,71340.0
Acer Swift3 SF314-54G-56GJ Red (NX.H07ER.001),/noutbuki-acer-swift3-sf314-54g-56gj-nxh07er001/,71340.0
Lenovo IdeaPad 530s-14ARR Black (81H10015RU),/noutbuki-lenovo-ideapad-530s-14arr-black-81h10015ru/,52090.0
Lenovo IdeaPad 530S-14IKB (81EU00B6RU),/noutbuki-lenovo-ideapad-530s-14ikb-81eu00b6ru/,50790.0
Lenovo IdeaPad 530S-14IKB (81EU00B8RU),/noutbuki-lenovo-ideapad-530s-14ikb-81eu00b8ru/,55940.0
ASUS Flip UX561UN-BO029T (90NB0G31-M00930),/noutbuki-asus-flip-ux561un-bo029t-90nb0g31-m00930/,94990.0
ASUS Zenbook UX331UA-EG156T (90NB0GZ1-M04880),/noutbuki-asus-zenbook-ux331ua-eg156t-90nb0gz1-m04880/,59390.0
Dell Latitude 3500 (3500-0973),/noutbuki-dell-latitude-3500-3500-0973/,36190.0
MSI GE63 Raider RGB 8SE-235RU (9S7-16P722-235),/noutbuki-msi-ge63-raider-rgb-8se-235ru-9s7-16p722-235/,153090.0
Lenovo IdeaPad 330-15IKB (81DE004FRU),/noutbuki-lenovo-ideapad-330-15ikb-81de004fru/,41090.0
Lenovo ThinkPad X280 (20KF001QRT),/noutbuki-lenovo-thinkpad-x280-20kf001qrt/,127490.0
Acer Aspire S5-371-7270 Intel Black,/noutbuki-acer-aspire-s5-371-7270-intel-black/,65990.0
Lenovo V340-17IWL (81RG0003RU),/noutbuki-lenovo-v340-17iwl-81rg0003ru/,71190.0
ASUS X510QR (Pronet Q1-20) Grey (90NB0ME2-M01200),/noutbuki-asus-x510qr-pronet-q1-20-grey-90nb0me2-m01200/,32850.0
ASUS X512FA Gray (90NB0KR3-M06430),/noutbuki-asus-x512fa-gray-90nb0kr3-m06430/,44690.0
ASUS X512FA Blue (90NB0KR6-M06440),/noutbuki-asus-x512fa-blue-90nb0kr6-m06440/,44690.0
Dell G515-8054 Black,/noutbuki-dell-g515-8054-black/,114395.0
Lenovo IdeaPad 320-15ISK Black (80XH01NKRK),/noutbuki-lenovo-ideapad-320-15isk-black-80xh01nkrk/,24490.0
Lenovo IdeaPad 330-15ARR (81D200KLRU),/noutbuki-lenovo-ideapad-330-15arr-81d200klru/,27190.0
Lenovo IdeaPad L340-15API Black (81LW0086RK),/noutbuki-lenovo-ideapad-l340-15api-black-81lw0086rk/,26090.0
Acer Aspire A315-42G-R6EF Black (NX.HF8ER.03A),/noutbuki-acer-aspire-bo-a315-42g-r6ef-black-nxhf8er03a/,44490.0
Acer Aspire A315-42-R0MN Black (NX.HF9ER.03J),/noutbuki-acer-aspire-bo-a315-42-r0mn-black-nxhf9er03j/,45590.0
Acer Aspire A315-42-R6DY Black (NX.HF9ER.02U),/noutbuki-acer-aspire-bo-a315-42-r6dy-black-nxhf9er02u/,46190.0
ACER Aspire A315-42-R8AX Black (NX.HF9ER.012),/noutbuki-acer-aspire-bo-a315-42-r8ax-black-nxhf9er012/,39190.0
Acer Extensa EX215-51K-5709 Black (NX.EFPER.00K),/noutbuki-acer-extensa-bo-ex215-51k-5709-black-nxefper00k/,38990.0
ASUS UX334FLC (Q1-20) Blue (90NB0MW3-M05830),/noutbuki-asus-ux334flc-q1-20-blue-90nb0mw3-m05830/,93150.0
Dell Inspiron 3585-7140 Silver (3585-7140),/noutbuki-dell-inspiron-3585-7140-silver-3585-7140/,40690.0
Dell Vostro 3590-7551 Black (3590-7551),/noutbuki-dell-vostro-3590-7551-black-3590-7551/,39090.0
Dell Vostro 3591-6333 Grey (3591-6333),/noutbuki-dell-vostro-3591-6333-grey-3591-6333/,57990.0
Lenovo IdeaPad 3 15IIL05 Platinum Grey (81WE009CRU),/noutbuki-lenovo-ideapad-3-15iil05-platinum-grey-81we009cru/,45590.0
MSI Creator 15 A10SE-032RU Carbon Grey (9S7-16V214-032),/noutbuki-msi-creator-15-a10se-032ru-carbon-grey-9s7-16v214-032/,199990.0
MSI GE75 10SFS-217RU Black (9S7-17E912-217),/noutbuki-msi-ge75-10sfs-217ru-black-9s7-17e912-217/,224990.0
MSI GE75 10SFS-268RU Black (9S7-17E912-268),/noutbuki-msi-ge75-10sfs-268ru-black-9s7-17e912-268/,209990.0
MSI GL75 10SCSR-009RU Black (9S7-17E822-009),/noutbuki-msi-gl75-10scsr-009ru-black-9s7-17e822-009/,94990.0
MSI GL75 10SCSR-011XRU Black (9S7-17E822-011),/noutbuki-msi-gl75-10scsr-011xru-black-9s7-17e822-011/,78140.0
Acer Swift SF314-57-31A2 (NX.HJHER.001),/noutbuki-acer-swift-sf314-57-31a2-nxhjher001/,52790.0
Acer Swift SF314-57-50F5 (NX.HJHER.008),/noutbuki-acer-swift-sf314-57-50f5-nxhjher008/,66690.0
Lenovo ThinkBook 13s IML (20RR0001RU),/noutbuki-lenovo-thinkbook-13s-iml-20rr0001ru/,75690.0
Acer TravelMate P2 TMP214-52-54ZR (NX.VLHER.00U),/noutbuk-acer-travelmate-p2-tmp214-52-54zr-nxvlher00u/,85490.0
ASUS Expertbook B9450FA-BM0556 (90NX02K1-M08250),/noutbuk-asus-expertbook-b9450fa-bm0556-90nx02k1-m08250/,107890.0
ASUS VivoBook K413FA-EB525T (90NB0Q0F-M07880),/noutbuk-asus-vivobook-k413fa-eb525t-90nb0q0f-m07880/,48990.0
ASUS VivoBook K413FA-EB527T (90NB0Q0B-M07900),/noutbuk-asus-vivobook-k413fa-eb527t-90nb0q0b-m07900/,48990.0
ASUS Zenbook UX431FA-AM196 (90NB0MB3-M05640),/noutbuk-asus-zenbook-ux431fa-am196-90nb0mb3-m05640/,52790.0
Dell G5 15-5500 (G515-5966),/noutbuk-dell-g5-15-5500-g515-5966/,121390.0
Dell G5 15-5590 (G515-9258),/noutbuk-dell-g5-15-5590-g515-9258/,131890.0
Lenovo ThinkPad P1 (20QT003QRT),/noutbuk-lenovo-thinkpad-p1-20qt003qrt/,340990.0
Acer Extensa 15 EX215-52-519Y (NX.EG8ER.00E),/noutbuki-acer-extensa-15-ex215-52-519y-nxeg8er00e/,63090.0
ASUS PRO P5440FA-BM1029 серый (90NX01X1-M14450),/noutbuki-asus-pro-p5440fa-bm1029-seryy-90nx01x1-m14450/,54890.0
ASUS X512JP-BQ315T beacock blue (90NB0QW6-M04410),/noutbuki-asus-x512jp-bq315t-beacock-blue-90nb0qw6-m04410/,66590.0
HP 14s-dq2003ur Natural silver (2X1N6EA),/noutbuki-hp-14s-dq2003ur-serebristyy-2x1n6ea/,48990.0
HP 14s-dq2007ur Snowflake white (2X1P1EA),/noutbuki-hp-14s-dq2007ur-belyy-2x1p1ea/,33290.0
HP 14s-dq2008ur Jet black (2X1P4EA),/noutbuki-hp-14s-dq2008ur-2x1p4ea/,72990.0
HP 14s-dq2011ur Snowflake white  (2X1P7EA),/noutbuki-hp-14s-dq2011ur-belyy-2x1p7ea/,31800.0
HP 14s-dq2012ur Jet black (2X1P8EA),/noutbuki-hp-14s-dq2012ur-2x1p8ea/,30990.0
HP 15s-eq1274ur Chalkboard gray (2X0M5EA),/noutbuki-hp-15s-eq1274ur-seryy-2x0m5ea/,33090.0
HP 15s-fq2018ur Chalkboard gray (2X1S6EA),/noutbuki-hp-15s-fq2018ur-seryy-2x1s6ea/,40990.0
HP 15s-fq2032ur Natural silver (2Z7J1EA),/noutbuki-hp-15s-fq2032ur-serebristyy-2z7j1ea/,41290.0
HP 17-by4007ur Jet Black (2X1Y7EA),/noutbuki-hp-17-by4007ur-2x1y7ea/,68990.0
HP 255 G7 Gray (1Q3H0ES),/noutbuki-hp-255-g7-dkserebristyy-1q3h0es/,46090.0
HP 255 G7 Black (3C248EA),/noutbuki-hp-255-g7-dkserebristyy-3c248ea/,59790.0
HP 255 G8 Asteroid silver (2X7V8EA),/noutbuki-hp-255-g8-serebristyy-2x7v8ea/,39990.0
HP 340S G7 Gray (9TX20EA),/noutbuki-hp-340s-g7-serebristyy-9tx20ea/,40890.0
HP Envy 13-ba0023ur Natural silver (246X3EA),/noutbuki-hp-envy-13-ba0023ur-serebristyy-246x3ea/,89190.0
HP Pavilion 14-dv0041ur Natural silver (2X2Q0EA),/noutbuki-hp-pavilion-14-dv0041ur-serebristyy-2x2q0ea/,45890.0
HP Pavilion Gaming 16-a0018ur ShadowBlack (22Q54EA),/noutbuki-hp-pavilion-gaming-16-a0018ur-22q54ea/,74060.0
HP Pavilion x360 14-dh1015ur Natural Silver (1B2Q9EA),/noutbuki-hp-pavilion-x360-14-dh1015ur-serebristyy-1b2q9ea/,64990.0
HP ProBook 440 G8 Pike silver (2R9D0EA),/noutbuki-hp-probook-440-g8-serebristyy-2r9d0ea/,121890.0
HP ProBook 455 G7 Pike silver  (1L3U0EA),/noutbuki-hp-probook-455-g7-serebristyy-1l3u0ea/,87290.0
Lenovo IdeaPad 3 серый (81W4006XRK),/noutbuki-lenovo-ideapad-3-seryy-81w4006xrk/,39090.0
Lenovo Thinkbook 15 G2 ARE серый (20VG007ARU),/noutbuki-lenovo-thinkbook-15-g2-are-seryy-20vg007aru/,57490.0
Lenovo V14-IGL Grey (82C2001BRU),/noutbuki-lenovo-v14-igl-seryy-82c2001bru/,29490.0
Lenovo V14-IIL серый (82C400XARU),/noutbuki-lenovo-v14-iil-seryy-82c400xaru/,45490.0
Lenovo V155-15API серый (81V5000BRU),/noutbuki-lenovo-v155-15api-seryy-81v5000bru/,47290.0
Lenovo V15-ADA Grey (82C70006RU),/noutbuki-lenovo-v15-ada-seryy-82c70006ru/,62090.0
Lenovo V15-ADA серый (82C70010RU),/noutbuki-lenovo-v15-ada-seryy-82c70010ru/,34490.0
Lenovo V15-IIL серый (82C50075RU),/noutbuki-lenovo-v15-iil-seryy-82c50075ru/,59690.0
MSI GL65 Leopard 10SCSR049RU MS16U8 (9S7-16U822-049),/noutbuki-msi-gl65-leopard-10scsr049ru-ms16u8-9s7-16u822-049/,99490.0
MSI GL65 Leopard 10SDK407XRU MS16U7 (9S7-16U722-407),/noutbuki-msi-gl65-leopard-10sdk407xru-ms16u7-9s7-16u722-407/,86990.0
Acer EX215-53G CI5-1035G1 Black (NX.EGCER.00M),/noutbuki-acer-ex215-53g-ci5-1035g1-nxegcer00m/,82840.0
Acer Extensa EX215-22-R8HK (NX.EG9ER.00U),/noutbuki-acer-extensa-ex215-22-r8hk-nxeg9er00u/,58590.0
Acer Extensa EX215-52-38YG (NX.EG8ER.01Q),/noutbuki-acer-extensa-ex215-52-38yg-nxeg8er01q/,51790.0
ASUS Pro P1440FA-FQ3042 (90NX0212-M42050),/noutbuki-asus-pro-p1440fa-fq3042-90nx0212-m42050/,32340.0
ASUS Pro P1440FA-FQ3042T (90NX0212-M42070),/noutbuki-asus-pro-p1440fa-fq3042t-90nx0212-m42070/,37240.0
ASUS Pro P1440FA-FQ3043 (90NX0212-M42080),/noutbuki-asus-pro-p1440fa-fq3043-90nx0212-m42080/,34300.0
ASUS Pro P2451FA-BM1356T (90NX02N1-M18310),/noutbuki-asus-pro-p2451fa-bm1356t-90nx02n1-m18310/,57710.0
ASUS Pro P2451FA-BM1357T (90NX02N1-M18330),/noutbuki-asus-pro-p2451fa-bm1357t-90nx02n1-m18330/,70780.0
ASUS Pro P2451FA-EB1355R (90NX02N1-M18300),/noutbuki-asus-pro-p2451fa-eb1355r-90nx02n1-m18300/,53360.0
ASUS Pro P2451FA-EB1355T Black (90NX02N1-M18290),/noutbuki-asus-pro-p2451fa-eb1355t-90nx02n1-m18290/,48020.0
ASUS ZenBook UX435EA-A5049R (90NB0RS1-M02030),/noutbuki-asus-ux435ea-a5049r-90nb0rs1-m02030/,116960.0
ASUS X413JA-EB316T (90NB0RC7-M04370),/noutbuki-asus-x413ja-eb316t-90nb0rc7-m04370/,52270.0
ASUS X415MA-EK052 (90NB0TG2-M03030),/noutbuki-asus-x415ma-ek052-90nb0tg2-m03030/,26750.0
Dream Machines G1650-14RU55 (G1650-14RU55),/noutbuki-dream-machines-g1650-14ru55-g1650-14ru55/,92350.0
HP 14s-dq2004ur Snowflake white (2X1N7EA),/noutbuki-hp-14s-dq2004ur-2x1n7ea/,42990.0
HP 14s-fq0089ur Jet Black (3B3M3EA),/noutbuki-hp-14s-fq0089ur-3b3m3ea/,27440.0
HP 14s-fq0092ur Jet Black (3B3M6EA),/noutbuki-hp-14s-fq0092ur-3b3m6ea/,25400.0
HP 15-dw1166ur Chalkboard gray (2X0S2EA),/noutbuki-hp-15-dw1166ur-2x0s2ea/,41990.0
HP 15-dw1169ur 2X0S7EAACB,/noutbuki-hp-15-dw1169ur-2x0s7ea#acb/,36290.0
HP 15s-eq2023ur Natural Silver (3B2X1EA),/noutbuki-hp-15s-eq2023ur-3b2x1ea/,43950.0
HP Envy 14-eb0005ur Natural silver (3B3L0EA),/noutbuki-hp-envy-14-eb0005ur-3b3l0ea/,128340.0
HP Pavilion 14x360 14-dw1009ur (2X2R5EA),/noutbuki-hp-pavilion-14x360-14-dw1009ur-2x2r5ea/,90290.0
HP Pavilion 15-eg0065ur Natural silver (2X2U1EA),/noutbuki-hp-pavilion-15-eg0065ur-2x2u1ea/,51490.0
HP Pavilion 15-eh0005ur Natural silver (280J1EA),/noutbuki-hp-pavilion-15-eh0005ur-280j1ea/,34190.0
HP Spectre 14-ea0010ur Poseidon Blue (3B3K7EA),/noutbuki-hp-spectre-14x360-14-ea0010ur-3b3k7ea/,244850.0
HP 14s-dq0043ur Nightfall White (3B3L4EA),/noutbuki-hp14s-dq0043ur-3b3l4ea/,34390.0
MSI Bravo A4DCR-402XRU (9S7-16WK12-402),/noutbuki-msi-bravo-a4dcr-402xru-9s7-16wk12-402/,63990.0
Acer Extensa 15 EX215-31-P3UX (NX.EFTER.00J),/noutbuki-acer-extensa-15-ex215-31-p3ux-nxefter00j/,35810.0
Acer Extensa EX215-31-P5LC Black (NX.EFTER.00N),/noutbuki-acer-extensa-ex215-31-p5lc-black-nxefter00n/,35890.0
Acer Extensa EX215-52-36UB Black (NX.EG8ER.005),/noutbuki-acer-extensa-ex215-52-36ub-black-nxeg8er005/,43240.0
Acer Extensa EX215-52-54NE (NX.EG8ER.00W),/noutbuki-acer-extensa-ex215-52-54ne-nxeg8er00w/,54990.0
Acer Extensa EX215-52-586W Black (NX.EG8ER.013),/noutbuki-acer-extensa-ex215-52-586w-black-nxeg8er013/,47090.0
ASUS Zenbook UX325EA-KG270T Silver,/noutbuki-asus-zenbook-ux325ea-kg270t/,59990.0
HP 14s-fq0085ur Black (3B3L9EA),/noutbuki-hp-14s-fq0085ur-black-3b3l9ea/,38990.0
HP 14s-fq0088ur Black (3B3M2EA),/noutbuki-hp-14s-fq0088ur-black-3b3m2ea/,37090.0
HP 14s-fq0091ur Black (3B3M5EA),/noutbuki-hp-14s-fq0091ur-black-3b3m5ea/,27990.0
HP 15-dw1045ur Grey (22N46EA),/noutbuki-hp-15-dw1045ur-grey-22n46ea/,49890.0
HP 15-dw1170ur Black (2X3A5EA),/noutbuki-hp-15-dw1170ur-black-2x3a5ea/,52690.0
HP 15-dw1190ur Silver (2Z7H0EA),/noutbuki-hp-15-dw1190ur-silver-2z7h0ea/,47090.0
HP 15-gw0030ur Silver (22P43EA),/noutbuki-hp-15-gw0030ur-silver-22p43ea/,40990.0
HP 15s-eq1217ur Black (22Q44EA),/noutbuki-hp-15s-eq1217ur-black-22q44ea/,33790.0
HP 15s-eq1275ur Silver (2X0M6EA),/noutbuki-hp-15s-eq1275ur-silver-2x0m6ea/,57790.0
HP 15s-eq2020ur Silver (3B2U4EA),/noutbuki-hp-15s-eq2020ur-silver-3b2u4ea/,50130.0
HP 15s-eq2025ur Silver (3B2X3EA),/noutbuki-hp-15s-eq2025ur-silver-3b2x3ea/,45000.0
HP 15s-fq2014ur Grey (2X1S0EA),/noutbuki-hp-15s-fq2014ur-grey-2x1s0ea/,57390.0
HP 15s-fq3021ur Silver (3T795EA),/noutbuki-hp-15s-fq3021ur-silver-3t795ea/,34990.0
HP 17-ca3008ur Black (2Z7Q0EA),/noutbuki-hp-17-ca3008ur-black-2z7q0ea/,74790.0
HP 17-ca3009ur Silver (2Z7Q1EA),/noutbuki-hp-17-ca3009ur-silver-2z7q1ea/,78090.0
HP 250 G7 dk.Silver (1L3U4EA),/noutbuki-hp-250-g7-dksilver-1l3u4ea/,25540.0
HP 250 G7 Silver (2V0G1ES),/noutbuki-hp-250-g7-silver-2v0g1es/,26490.0
HP 250 G8 dk.Silver (2E9H3EA),/noutbuki-hp-250-g8-dksilver-2e9h3ea/,63290.0
HP 250 G8 Silver (27K00EA),/noutbuki-hp-250-g8-silver-27k00ea/,63290.0
HP 250 G8 Silver (27K08EA),/noutbuki-hp-250-g8-silver-27k08ea/,26830.0
HP 250 G8 Silver (27K12EA),/noutbuki-hp-250-g8-silver-27k12ea/,40190.0
HP 250 G8 Silver (2W8W1EA),/noutbuki-hp-250-g8-silver-2w8w1ea/,80490.0
HP 250 G8 Silver (2W8W2EA),/noutbuki-hp-250-g8-silver-2w8w2ea/,87990.0
HP 255 G8 dk.Silver (32P18EA),/noutbuki-hp-255-g8-dksilver-32p18ea/,41090.0
HP 255 G8 Silver (27K51EA),/noutbuki-hp-255-g8-silver-27k51ea/,52890.0
HP 255 G8 Silver (27K65EA),/noutbuki-hp-255-g8-silver-27k65ea/,34990.0
HP 255 G8 Silver (2R9C2EA),/noutbuki-hp-255-g8-silver-2r9c2ea/,50590.0
HP Pavilion 15-eh0040ur Silver (2X2Y1EA),/noutbuki-hp-pavilion-15-eh0040ur-silver-2x2y1ea/,45890.0
HP Pavilion Gaming 16-a0050ur Black (2Z7J7EA),/noutbuki-hp-pavilion-gaming-16-a0050ur-black-2z7j7ea/,80490.0
HP Pavilion x360 15-er0007ur Silver (3B2W5EA),/noutbuki-hp-pavilion-x360-15-er0007ur-silver-3b2w5ea/,83270.0
HP ProBook 430 G8 Silver (27H94EA),/noutbuki-hp-probook-430-g8-silver-27h94ea/,90590.0
HP ProBook 450 G8 Silver (2X7X4EA),/noutbuki-hp-probook-450-g8-silver-2x7x4ea/,76490.0
Lenovo IdeaPad 3 Grey (81W1019JRK),/noutbuki-lenovo-ideapad-3-grey-81w1019jrk/,40290.0
Lenovo IdeaPad 3 Grey (81W101CERK),/noutbuki-lenovo-ideapad-3-grey-81w101cerk/,31090.0
Lenovo IdeaPad 3 Grey (81W101CFRK),/noutbuki-lenovo-ideapad-3-grey-81w101cfrk/,27590.0
Lenovo IdeaPad 3 Grey (81W40035RK),/noutbuki-lenovo-ideapad-3-grey-81w40035rk/,55690.0
Lenovo Thinkbook 15-ITL Grey (20VE0055RU),/noutbuki-lenovo-thinkbook-15-itl-grey-20ve0055ru/,77790.0
Lenovo V130-15IKB Grey (81HN00Q1RU),/noutbuki-lenovo-v130-15ikb-grey-81hn00q1ru/,41290.0
Lenovo V130-15IKB Grey (81HN00XURU),/noutbuki-lenovo-v130-15ikb-grey-81hn00xuru/,37990.0
Lenovo V145-15AST Black (81MT001WRU),/noutbuki-lenovo-v145-15ast-black-81mt001wru/,27590.0
Lenovo V14-ADA Grey (82C6009ARU),/noutbuki-lenovo-v14-ada-grey-82c6009aru/,22890.0
Lenovo V14-IGL Grey (82C20018RU),/noutbuki-lenovo-v14-igl-grey-82c20018ru/,22890.0
Lenovo V14-IGL Grey (82C2001ARU),/noutbuki-lenovo-v14-igl-grey-82c2001aru/,24190.0
Lenovo V15-ADA Grey (82C700EURU),/noutbuki-lenovo-v15-ada-grey-82c700euru/,39510.0
MSI GF63 10SC-427XRU Black (9S7-16R512-427),/noutbuki-msi-gf63-10sc-427xru-9s7-16r512-427-black/,68990.0
MSI Modern 15 A10M-645XRU Grey (9S7-155136-645),/noutbuki-msi-modern-15-a10m-645xru-9s7-155136-645-seryy/,46990.0
Acer Aspire A315-34-P3CS black (NX.HE3ER.00Q),/noutbuki-acer-aspire-a315-34-p3cs-black-nxhe3er00q/,32190.0
ASUS ROG G733QS-HG092T Black (90NR0591-M01760),/noutbuki-asus-rog-g733qs-hg092t-black-90nr0591-m01760/,299990.0
HP 15s-eq1102ur Silver (2X0M0EA),/noutbuki-hp-15s-eq1102ur-silver-2x0m0ea/,40290.0
HP 15s-eq1142ur Grey (22Q01EA),/noutbuki-hp-15s-eq1142ur-grey-22q01ea/,40290.0
HP 15s-eq1251ur Black (2P0G8EA),/noutbuki-hp-15s-eq1251ur-black-2p0g8ea/,40190.0
HP 15s-eq1322ur Gray (3B2X0EA),/noutbuki-hp-15s-eq1322ur-gray-3b2x0ea/,32990.0
HP 17-ca2038ur Black (22Q77EA),/noutbuki-hp-17-ca2038ur-black-22q77ea/,43290.0
HP 255 G7 Black (15A08EA),/noutbuki-hp-255-g7-dksilver-15a08ea/,37890.0
HP 255 G8 (27K56EA),/noutbuki-hp-255-g8-dksilver-27k56ea/,43240.0
HP 255 G8 Silver (2X7W8EA),/noutbuki-hp-255-g8-silver-2x7w8ea/,40190.0
HP 470 G7 Silver (9НР76ЕА),/noutbuki-hp-470-g7-silver-9hp76ea/,87390.0
HP Pavilion Gaming 15-ec1090ur Black (2Z7H4EA),/noutbuki-hp-pavilion-gaming-15-ec1090ur-black-2z7h4ea/,97490.0
Lenovo V15 G2 ALC Black (82KD0033RU),/noutbuki-lenovo-v15-g2-alc-black-82kd0033ru/,64390.0
Lenovo V15 GEN2 ITL Black (82KB003CRU),/noutbuki-lenovo-v15-gen2-itl-black-82kb003cru/,61990.0
Lenovo V15 GEN2 ITL Black (82KB003LRU),/noutbuki-lenovo-v15-gen2-itl-black-82kb003lru/,54490.0
Lenovo V15-IGL Grey (82C30023RU),/noutbuki-lenovo-v15-igl-grey-82c30023ru/,28500.0
Lenovo V15-IGL Grey (82C30025RU),/noutbuki-lenovo-v15-igl-grey-82c30025ru/,28790.0
Lenovo V15-IGL grey 82C30027RU,/noutbuki-lenovo-v15-igl-grey-82c30027ru/,26890.0
Lenovo V15-IML Grey (82NB001GRU),/noutbuki-lenovo-v15-iml-grey-82nb001gru/,47190.0
ASUS ROG STRIX SCAR 17 G733QS-HG101T (00-00050589),/noutbuki-asus-rog-strix-scar-17-g733qs-hg101t-00-00050589/,272990.0
ASUS ROG Zephyrus G15 GA503QM-HN094 (00-00051554),/noutbuki-asus-rog-zephyrus-g15-ga503qm-hn094-00-00051554/,160490.0
Dell Inspiron 7400 (00-00050595),/noutbuki-dell-inspiron-7400-00-00050595/,111010.0
Dell Vostro 3500-6183 (00-00051926),/noutbuki-dell-vostro-3500-00-00051926/,76790.0
Dell Vostro 3500 (00-00051930),/noutbuki-dell-vostro-3500-00-00051930/,58990.0
Dell Vostro 3500 Grey (00-00051931),/noutbuki-dell-vostro-3500-00-00051931/,60390.0
Dell Vostro 3500 Grey (00-00051932),/noutbuki-dell-vostro-3500-00-00051932/,65900.0
Dell Vostro 5301 (00-00051273),/noutbuki-dell-vostro-5301-00-00051273/,65130.0
Dell Vostro 5402 (00-00051549),/noutbuki-dell-vostro-5402-00-00051549/,115690.0
ASUS L210MA-GJ163T black (90NB0R44-M06090),/noutbuki-asus-l210ma-gj163t-black-90nb0r44-m06090/,20690.0
ASUS X509FA-BR948T grey (90NB0MZ2-M17900),/noutbuki-asus-x509fa-br948t-grey-90nb0mz2-m17900/,38640.0
HP 14s-dq0046ur white (3B3L7EA),/noutbuki-hp-14s-dq0046ur-white-3b3l7ea/,29290.0
HP 15-gw0032ur silver (22P46EA),/noutbuki-hp-15-gw0032ur-silver-22p46ea/,50190.0
HP 15s-eq1129ur grey (22V36EA),/noutbuki-hp-15s-eq1129ur-grey-22v36ea/,27590.0
HP 15s-eq1136ur grey (22P99EA),/noutbuki-hp-15s-eq1136ur-grey-22p99ea/,31390.0
HP 15s-eq1273ur white (2X0R9EA),/noutbuki-hp-15s-eq1273ur-white-2x0r9ea/,33190.0
HP 15s-eq1279ur white (2X0N9EA),/noutbuki-hp-15s-eq1279ur-white-2x0n9ea/,27990.0
HP 15s-eq2026ur gray (3B2X4EA),/noutbuki-hp-15s-eq2026ur-gray-3b2x4ea/,43990.0
HP 15s-fq2013ur gray (2X1R9EA),/noutbuki-hp-15s-fq2013ur-gray-2x1r9ea/,58890.0
HP 17-by2069ur silver (2X3B1EA),/noutbuki-hp-17-by2069ur-silver-2x3b1ea/,50180.0
HP 17-ca2033ur black (22Q75EA),/noutbuki-hp-17-ca2033ur-black-22q75ea/,42490.0
HP 17-cp0088ur black (4D4B2EA),/noutbuki-hp-17-cp0088ur-black-4d4b2ea/,37890.0
HP 17-cp0091ur black (4D4B5EA),/noutbuki-hp-17-cp0091ur-black-4d4b5ea/,32500.0
HP 250 G7 dk.silver (197Q7EA),/noutbuki-hp-250-g7-dksilver-197q7ea/,58990.0
HP 250 G7 dk.silver (197W0EA),/noutbuki-hp-250-g7-dksilver-197w0ea/,27460.0
HP 250 G7 dk.silver (1F3L2EA),/noutbuki-hp-250-g7-dksilver-1f3l2ea/,35870.0
HP 255 G7 Black (17T28ES),/noutbuki-hp-255-g7-dksilver-17t28es/,43200.0
HP 255 G7 dk.silver (2V0F3ES),/noutbuki-hp-255-g7-dksilver-2v0f3es/,36690.0
HP 255 G7 dk.silver (2V0F5ES),/noutbuki-hp-255-g7-dksilver-2v0f5es/,43090.0
HP 255 G8 dk.silver (27K36EA),/noutbuki-hp-255-g8-dksilver-27k36ea/,63290.0
HP Pavilion 15-eg0046ur silver (2X2S0EA),/noutbuki-hp-pavilion-15-eg0046ur-silver-2x2s0ea/,45890.0
HP ProBook 430 G8 silver (27J03EA),/noutbuki-hp-probook-430-g8-silver-27j03ea/,65490.0
Lenovo IdeaPad 3 15ADA05 grey (81W1004PRK),/noutbuk-lenovo-ideapad-3-15ada05-grey-81w1004prk/,28190.0
Lenovo IdeaPad 3 17ADA05 grey (81W20095RK),/noutbuk-lenovo-ideapad-3-17ada05-grey-81w20095rk/,47890.0
Lenovo IdeaPad 3 17ADA05 grey (81W2009LRK),/noutbuk-lenovo-ideapad-3-17ada05-grey-81w2009lrk/,43690.0
Lenovo IdeaPad 3 17ALC6 grey (82KV004ERU),/noutbuk-lenovo-ideapad-3-17alc6-grey-82kv004eru/,62090.0
Lenovo Legion 5 15ITH6 blue (82JK000QRK),/noutbuki-lenovo-legion-5-15ith6-blue-82jk000qrk/,123690.0
Lenovo V15-ADA grey (82C7008QRU),/noutbuki-lenovo-v15-ada-grey-82c7008qru/,28790.0
Lenovo IdeaPad 1 11ADA05 Blue (82GV003WRU),/noutbuki-lenovo-ideapad-1-11ada05-82gv003wru/,30790.0
Lenovo IdeaPad 3 14ITL6 (82H7009NRU),/noutbuki-lenovo-ideapad-3-14itl6-82h7009nru/,43590.0
Lenovo ThinkBook 15p (20V3000KRU),/noutbuki-lenovo-thinkbook-15p-20v3000kru/,94990.0
Lenovo Yoga 9 14ITL5 Black (82D10028RU),/noutbuki-lenovo-yoga-9-14itl5-82d0028ru-82d10028ru/,197790.0
Acer Aspire A315-23-R7CC (NX.HVUER.00C),/noutbuki-acer-aspire-a315-23-r7cc-nxhvuer00c/,43490.0
Acer Extensa 15 EX215-52-33MM Black (NX.EG8ER.00F),/noutbuki-acer-extensa-15-ex215-52-33mm-nxeg8er00f/,69760.0
Acer Extensa EX215-32-P0TW Black (NX.EGNER.001),/noutbuki-acer-extensa-ex215-32-p0tw-nxegner001/,38590.0
Acer Extensa EX215-32-P711 Black (NX.EGNER.005),/noutbuki-acer-extensa-ex215-32-p711-nxegner005/,35490.0
Acer Extensa EX215-54-36D0 (NX.EGJER.00H),/noutbuki-acer-extensa-ex215-54-36d0-nxegjer00h/,45390.0
Acer TMP214-41 R3-5450U Black (NX.VSAER.007),/noutbuki-acer-tmp214-41-r3-5450u-nxvsaer007/,69760.0
Acer TravelMate TMP214-52-58ZN (NX.VLHER.00),/noutbuki-acer-travelmate-tmp214-52-58zn-nxvlher00/,66340.0
ASUS L210MA-GJ165T rose gold (90NB0R43-M06120),/noutbuki-asus-l210ma-gj165t-rose-gold-90nb0r43-m06120/,22990.0
ASUS X409FA-BV593 grey (90NB0MS2-M09210),/noutbuki-asus-x409fa-bv593-grey-90nb0ms2-m09210/,36000.0
ASUS X515MA-BQ131 grey (90NB0TH1-M05570),/noutbuki-asus-x515ma-bq131-grey-90nb0th1-m05570/,30340.0
ASUS X543MA-DM1140 grey (90NB0IR7-M22080),/noutbuki-asus-x543ma-dm1140-grey-90nb0ir7-m22080/,36790.0
HP 14s-dq3003ur Black (3E7L7EA),/noutbuki-hp-14s-dq3003ur-3e7l7ea/,30290.0
HP 250 G8 Silver (2W8Y6EA),/noutbuki-hp-250-g8-2w8y6ea/,78090.0
HP 250 G8 (3A5R7EA),/noutbuki-hp-250-g8-3a5r7ea/,31390.0
HP 255 G8 Silver (3V5H9EA),/noutbuki-hp-255-g8-3v5h9ea/,64390.0
HP 255 G8 Black (45M97ES),/noutbuki-hp-255-g8-45m97es/,80290.0
MSI GE66 Raider 11UG-286RU (9S7-154314-286),/noutbuk-msi-ge66-raider-11ug-286ru/,179990.0
Lenovo V15-ADA (82C7009DRU),/noutbuki-lenovo-v15-ada-82c7009dru/,31990.0
MSI GL66 11UEK-208RU (9S7-158124-208),/noutbuki-msi-gl66-11uek-208ru-9s7-158124-208/,142260.0
MSI GL66 11UEK-211XRU (9S7-158124-211),/noutbuki-msi-gl66-11uek-211xru-9s7-158124-211/,140390.0
MSI GL76 11UEK-081XRU (9S7-17L122-081),/noutbuki-msi-gl76-11uek-081xru-9s7-17l122-081/,124990.0
MSI GP76 11UG-615RU (9S7-17K322-615),/noutbuki-msi-gp76-11ug-615ru-9s7-17k322-615/,215690.0
HP 470 G8 Silver (3S8S1EA),/noutbuki-hp-470-g8-silver-3s8s1ea/,86470.0
HP 470 G8 Silver (3S8S2EA),/noutbuki-hp-470-g8-silver-3s8s2ea/,97790.0
HP Probook 455 G8 Silver (32N90EA),/noutbuki-hp-probook-455-g8-silver-32n90ea/,147090.0
Lenovo IdeaPad 3 Grey (81X7007YRK),/noutbuki-lenovo-ideapad-3-grey-81x7007yrk/,37990.0
Lenovo ThinkBook 15 G3 Grey (21A40034RU),/noutbuki-lenovo-thinkbook-15-g3-grey-21a40034ru/,74790.0
Lenovo ThinkBook 15 G3 Grey (21A40095RU),/noutbuki-lenovo-thinkbook-15-g3-grey-21a40095ru/,74790.0
Lenovo ThinkBook 15 G3 Grey (21A4009KRU),/noutbuki-lenovo-thinkbook-15-g3-grey-21a4009kru/,75190.0
Lenovo Thinkbook 15p Grey (20V30008RU),/noutbuki-lenovo-thinkbook-15p-grey-20v30008ru/,146090.0
Lenovo V15-ADA Grey (82C70013RU),/noutbuki-lenovo-v15-ada-grey-82c70013ru/,78690.0
MSI GL66 11UDK-417RU Grey (9S7-158224-417),/noutbuki-msi-gl66-11udk-417ru-grey-9s7-158224-417/,129990.0
MSI GL66 11UDK-420XRU Grey (9S7-158224-420),/noutbuki-msi-gl66-11udk-420xru-grey-9s7-158224-420/,101000.0
MSI GL76 11UCK-238RU Grey (9S7-17L222-238),/noutbuki-msi-gl76-11uck-238ru-grey-9s7-17l222-238/,120220.0
MSI GL76 11UCK-247RU Grey (9S7-17L222-247),/noutbuki-msi-gl76-11uck-247ru-grey-9s7-17l222-247/,131990.0
MSI GL76 11UCK-248XRU Grey (9S7-17L222-248),/noutbuki-msi-gl76-11uck-248xru-grey-9s7-17l222-248/,105590.0
MSI GP76 11UG-442XRU Black (9S7-17K322-442),/noutbuki-msi-gp76-11ug-442xru-black-9s7-17k322-442/,203590.0
MSI Alpha 17 B5EEK-012RU (9S7-17LL12-012),/noutbuk-msi-alpha-17-b5eek-012ru/,149990.0
Dell Vostro 5410 (00-00054177),/noutbuki-dell-vostro-5410-00-00054177/,86290.0
Acer TravelMate P2 TMP215-53-501F Black (NX.VPVER.007),/noutbuki-acer-travelmate-p2-tmp215-53-501f-nxvpver007/,83090.0
Acer TravelMate P2 TMP215-53-564X Black (NX.VPVER.009),/noutbuki-acer-travelmate-p2-tmp215-53-564x-nxvpver009/,73590.0
HP 14s-dq3001ur Black (3E7K2EA),/noutbuki-hp-14s-dq3001ur-3e7k2ea/,31990.0
ASUS ROG Strix G17 G713RM-KH097W Eclipse Grey (90NR08K4-M00500),/noutbuk-asus-rog-strix-g17-g713rm-kh097w-eclipse-grey-90nr08k4-m00500/,285990.0
Acer Extensa EX215-31-C6FV (NX.EFTER.00P),/noutbuki-acer-extensa-ex215-31-c6fv-nxefter00p/,27690.0
Asus P1510CDA-EJ1015R (90NB0P55-M27600),/noutbuki-asus-p1510cda-ej1015r-90nb0p55-m27600/,51990.0
Asus UP5401EA-KN044T (90NB0V41-M00780),/noutbuki-asus-up5401ea-kn044t-90nb0v41-m00780/,105990.0
Lenovo V15-ADA (82C700LERU),/noutbuki-lenovo-v15-ada-82c700leru/,45990.0
Lenovo IdeaPad 3 (82H9003FRK),/noutbuki-lenovo-ideapad-3-82h9003frk/,54090.0
Lenovo IdeaPad 3 (82H90092RK),/noutbuki-lenovo-ideapad-3-82h90092rk/,54990.0
Lenovo IdeaPad 3 (82HL003GRK),/noutbuki-lenovo-ideapad-3-82hl003grk/,79290.0
Lenovo IP Gaming 3 15ACH6 (82K20027RU),/noutbuki-lenovo-ip-gaming-3-15ach6-82k20027ru/,136670.0
Lenovo IP Gaming 3 15IHU6 (82K1000WRU),/noutbuki-lenovo-ip-gaming-3-15ihu6-82k1000wru/,130490.0
Lenovo V15 G2 (82KD002QRU),/noutbuki-lenovo-v15-g2-82kd002qru/,80490.0
Lenovo V15 G2 (82KD002URU),/noutbuki-lenovo-v15-g2-82kd002uru/,50590.0
Lenovo V15 G2 (82KD002XRU),/noutbuki-lenovo-v15-g2-82kd002xru/,62090.0
Lenovo V15 G2 ALC (82KD0032RU),/noutbuki-lenovo-v15-g2-alc-82kd0032ru/,43690.0
Lenovo V15 GEN2 (82KB003MRU),/noutbuki-lenovo-v15-gen2-82kb003mru/,82790.0
Lenovo V15-IIL (82C500FPRU),/noutbuki-lenovo-v15-iil-82c500fpru/,43990.0
MSI GP76 11UG-876RU (9S7-17K322-876),/noutbuki-msi-gp76-11ug-876ru-9s7-17k322-876/,264490.0
HP 15s-eq2021ur (3B2U5EA),/noutbuki-hp-15s-eq2021ur-3b2u5ea/,74790.0
HP 15s-eq2089ur (595M4EA),/noutbuki-hp-15s-eq2089ur-595m4ea/,79999.0
HP 15s-fq2118ur (61R80EA),/noutbuki-hp-15s-fq2118ur-61r80ea/,100090.0
HP 17-cn0111ur (61R56EA),/noutbuki-hp-17-cn0111ur-61r56ea/,87390.0
HP 255 G8 (3V5F3EA),/noutbuki-hp-255-g8-3v5f3ea/,53490.0
HP Omen 16-b0032ur (4E1R6EA),/noutbuki-hp-omen-16-b0032ur-4e1r6ea/,167990.0
HP Omen 16-b0034ur (4E3X2EA),/noutbuki-hp-omen-16-b0034ur-4e3x2ea/,179390.0
HP Omen 16-c0031ur (640P8EA),/noutbuki-hp-omen-16-c0031ur-640p8ea/,155890.0
HP Omen 16-c0047ur (4E1S0EA),/noutbuki-hp-omen-16-c0047ur-4e1s0ea/,154690.0
HP Omen 16-c0048ur (4E1S1EA),/noutbuki-hp-omen-16-c0048ur-4e1s1ea/,150990.0
HP Pavilion 15-eh1017ur (3E3V0EA),/noutbuki-hp-pavilion-15-eh1017ur-3e3v0ea/,85090.0
HP Pavilion 15-eh1020ur (3E3X9EA),/noutbuki-hp-pavilion-15-eh1020ur-3e3x9ea/,72490.0
HP Pavilion 15-eh1051ur (4E1J8EA),/noutbuki-hp-pavilion-15-eh1051ur-4e1j8ea/,91990.0
HP Pavilion Aero 13-be0049ur (4E0Z3EA),/noutbuki-hp-pavilion-aero-13-be0049ur-4e0z3ea/,154990.0
HP Pavilion Gaming 17-cd2058ur (4E1M6EA),/noutbuki-hp-pavilion-gaming-17-cd2058ur-4e1m6ea/,119290.0
HP Pavilion Gaming 17-cd2059ur (4E1M7EA),/noutbuki-hp-pavilion-gaming-17-cd2059ur-4e1m7ea/,109890.0
HP ProBook 445 G8 (3A5M3EA),/noutbuki-hp-probook-445-g8-3a5m3ea/,97790.0
HP VICTUS 16-d0049ur (4E0X1EA),/noutbuki-hp-victus-16-d0049ur-4e0x1ea/,113790.0
HP VICTUS 16-d0051ur (4E0X3EA),/noutbuki-hp-victus-16-d0051ur-4e0x3ea/,108690.0
HP VICTUS 16-d0055ur (4E1S7EA),/noutbuki-hp-victus-16-d0055ur-4e1s7ea/,106990.0
HP VICTUS 16-e0074ur (4E1K5EA),/noutbuki-hp-victus-16-e0074ur-4e1k5ea/,133690.0
HP VICTUS 16-e0080ur (4E1L2EA),/noutbuki-hp-victus-16-e0080ur-4e1l2ea/,110490.0
HP VICTUS 16-e0082ur (4E1L4EA),/noutbuki-hp-victus-16-e0082ur-4e1l4ea/,118490.0
HP VICTUS 16-e0085ur (4E1S8EA),/noutbuki-hp-victus-16-e0085ur-4e1s8ea/,112790.0
Acer EX215-22-R8M5 (NX.EG9ER.01B),/noutbuki-acer-ex215-22-r8m5-nxeg9er01b/,53990.0
Acer EX215-32-C4FB (NX.EGNER.00A),/noutbuki-acer-ex215-32-c4fb-nxegner00a/,29999.0
Acer Extensa EX215-32-C4RG (NX.EGNER.00D),/noutbuki-acer-extensa-ex215-32-c4rg-nxegner00d/,28990.0
Acer Extensa EX215-32-P0N2 (NX.EGNER.004),/noutbuki-acer-extensa-ex215-32-p0n2-nxegner004/,26499.0
Acer Extensa EX215-52-368N (NX.EG8ER.01C),/noutbuki-acer-extensa-ex215-52-368n-nxeg8er01c/,43490.0
Acer Swift SF314-510G-592W Blue (NX.A0YER.009),/noutbuki-acer-swift-sf314-510g-592w-blue-nxa0yer009/,77790.0
Acer Swift SF314-511-57E0 Silver (NX.ABLER.004),/noutbuki-acer-swift-sf314-511-57e0-silver-nxabler004/,68190.0
Acer TravelMate TMP214-52-73VY (NX.VLHER.00K),/noutbuki-acer-travelmate-tmp214-52-73vy-nxvlher00k/,70390.0
Acer TravelMate TMP215-41-R74Q (NX.VRHER.004),/noutbuki-acer-travelmate-tmp215-41-r74q-nxvrher004/,69510.0
Acer TravelMate TMP414-51-54M6 Blue (NX.VPAER.003),/noutbuki-acer-travelmate-tmp414-51-54m6-blue-nxvpaer003/,84390.0
Lenovo IdeaPad 1 14ADA05 Grey (82GW008BRK),/noutbuki-lenovo-ideapad-1-14ada05-grey-82gw008brk/,37260.0
Lenovo IdeaPad 3 14ITL05 Grey (81X70082RK),/noutbuki-lenovo-ideapad-3-14itl05-grey-81x70082rk/,38790.0
Lenovo IdeaPad 3 17ADA05 Grey (81W2008XRK),/noutbuki-lenovo-ideapad-3-17ada05-grey-81w2008xrk/,35000.0
Lenovo IdeaPad 3 17ADA05 Grey (81W20091RU),/noutbuki-lenovo-ideapad-3-17ada05-grey-81w20091ru/,34490.0
Lenovo IdeaPad 3 17ITL6 Grey (82H90090RU),/noutbuki-lenovo-ideapad-3-17itl6-grey-82h90090ru/,42699.0
Lenovo IdeaPad 5 14ITL05 Blue (82FE00Q0RU),/noutbuki-lenovo-ideapad-5-14itl05-blue-82fe00q0ru/,60390.0
MSI GF63 Thin 11UD-222XRU (9S7-16R612-222),/noutbuki-msi-gf63-thin-11ud-222xru-ms-16r6-9s7-16r612-222/,114990.0
MSI Modern 14 B11MOU-863RU Grey (9S7-14D334-863),/noutbuki-msi-modern-14-b11mou-863ru-ms-14d3-grey-9s7-14d334-863/,91790.0
MSI Prestige 15 A11SC-065RU Grey (9S7-16S711-065),/noutbuki-msi-prestige-15-a11sc-065ru-ms-16s7-grey-9s7-16s711-065/,105190.0
MSI Prestige 15 A11UC-066RU Grey (9S7-16S711-066),/noutbuki-msi-prestige-15-a11uc-066ru-ms-16s7-grey-9s7-16s711-066/,164390.0
MSI Pulse GL66 11UCK-424XRU Grey (9S7-158224-424),/noutbuki-msi-pulse-gl66-11uck-424xru-ms-1582-grey-9s7-158224-424/,109060.0
MSI Stealth 15M A11UEK-275RU Grey (9S7-156311-275),/noutbuki-msi-stealth-15m-a11uek-275ru-ms-1563-grey-9s7-156311-275/,141340.0
MSI Summit E16 Flip A11UCT-091RU (9S7-159121-091),/noutbuki-msi-summit-e16-flip-a11uct-091ru-ms-1591-9s7-159121-091/,195590.0
Acer Aspire 5 A514-54-39D2 (NX.A22ER.00M),/noutbuki-acer-aspire-5-a514-54-39d2-nxa22er00m/,60690.0
Acer Extensa 15 EX215-31-C3FF (NX.EFTER.00D),/noutbuki-acer-extensa-15-ex215-31-c3ff-nxefter00d/,27590.0
Acer Extensa 15 EX215-31-P30B (NX.EFTER.012),/noutbuki-acer-extensa-15-ex215-31-p30b-nxefter012/,39090.0
Acer Extensa 15 EX215-52-37SE,/noutbuki-acer-extensa-15-ex215-52-37se/,36590.0
ASUS TUF Gaming F17 FX706HEB-HX157W (90NR0714-M002R0),/noutbuki-asus-tuf-gaming-f17-fx706heb-hx157w-90nr0714-m002r0/,170990.0
ASUS Vivobook Go 15 E510MA-BQ579W,/noutbuki-asus-vivobook-go-15-e510ma-bq579w/,34390.0
ASUS Vivobook Pro 14 K3400PA-KM017W,/noutbuki-asus-vivobook-pro-14-k3400pa-km017w/,67199.0
ASUS Vivobook Pro 14 K3400PH-KM120W (90NB0UX2-M02420),/noutbuki-asus-vivobook-pro-14-k3400ph-km120w-90nb0ux2-m02420/,137890.0
ASUS Vivobook Pro 14 M3401QA-KM012W,/noutbuki-asus-vivobook-pro-14-m3401qa-km012w/,101490.0
ASUS X415EA-EB936W (90NB0TT2-M15430),/noutbuki-asus-x415ea-eb936w-90nb0tt2-m15430/,51990.0
ASUS X415JF-EK155T,/noutbuki-asus-x415jf-ek155t/,27990.0
ASUS Zenbook 13 UX325EA-KG687W,/noutbuki-asus-zenbook-13-ux325ea-kg687w/,86190.0
ASUS Zenbook 13 UX325EA-KG758,/noutbuki-asus-zenbook-13-ux325ea-kg758/,97690.0
Dell Vostro 3515-0284,/noutbuki-dell-vostro-3515-0284/,77690.0
Dell Vostro 5402-9585,/noutbuki-dell-vostro-5402-9585/,105790.0
Dell Vostro 5515-9899,/noutbuki-dell-vostro-5515-9899/,103390.0
HP 14s-fq0032ur (22M94EA0),/noutbuki-hp-14s-fq0032ur-22m94ea0/,55490.0
HP 15-dw1214ur (4L5Y7EA),/noutbuki-hp-15-dw1214ur-4l5y7ea/,41990.0
HP 15s-eq1404ur (4D4A1EA),/noutbuki-hp-15s-eq1404ur-4d4a1ea/,41990.0
HP 15s-eq1428ur (5T907EA),/noutbuki-hp-15s-eq1428ur-5t907ea/,38700.0
HP 17-cp0136ur (601K0EA),/noutbuki-hp-17-cp0136ur-601k0ea/,87990.0
HP 17-cp0139ur (61R59EA),/noutbuki-hp-17-cp0139ur-61r59ea/,103490.0
HP 250 G8 (2W8Y7EA),/noutbuki-hp-250-g8-2w8y7ea/,100090.0
HP 250 G8 (2X7L3EA),/noutbuki-hp-250-g8-2x7l3ea/,64390.0
HP 250 G8 (32M39EA),/noutbuki-hp-250-g8-32m39ea/,92590.0
HP 255 G8 (2W8T8EA),/noutbuki-hp-255-g8-2w8t8ea/,47090.0
HP 255 G8 (3V5G9EA),/noutbuki-hp-255-g8-3v5g9ea/,77090.0
HP Omen 16-c0057ur (5R9S0EA),/noutbuki-hp-omen-16-c0057ur-5r9s0ea/,193290.0
HP Pavilion 14-dv0050ur (3V017EA),/noutbuki-hp-pavilion-14-dv0050ur-3v017ea/,95890.0
HP Pavilion Gaming 15-dk2050ur (4E1H5EA),/noutbuki-hp-pavilion-gaming-15-dk2050ur-4e1h5ea/,110990.0
HP Pavilion Gaming 17-cd2062ur (4E1N0EA),/noutbuki-hp-pavilion-gaming-17-cd2062ur-4e1n0ea/,148990.0
HP ProBook 430 G8 (2X7U3EA),/noutbuki-hp-probook-430-g8-2x7u3ea/,61999.0
HP ProBook 450 G8 (1A892AV),/noutbuki-hp-probook-450-g8-1a892av/,109990.0
HP ProBook 450 G8 (2X7X1EA),/noutbuki-hp-probook-450-g8-2x7x1ea/,110290.0
HP ProBook 450 G8 (4B2V6EA),/noutbuki-hp-probook-450-g8-4b2v6ea/,122890.0
HP ProBook 455 G8 (32N22EA),/noutbuki-hp-probook-455-g8-32n22ea/,114990.0
HP ProBook 455 G8 (32N23EA),/noutbuki-hp-probook-455-g8-32n23ea/,69990.0
HP ProBook 455 G8 (443M1EC),/noutbuki-hp-probook-455-g8-443m1ec/,67590.0
HP ProBook 455 G8 (4B2U7EA),/noutbuki-hp-probook-455-g8-4b2u7ea/,74990.0
HP Victus 16-d0045ur (4E0W6EA),/noutbuki-hp-victus-16-d0045ur-4e0w6ea/,147190.0
HP Victus 16-e0076ur (4E1K8EA),/noutbuki-hp-victus-16-e0076ur-4e1k8ea/,119990.0
Huawei MateBook 14 53012NVL,/noutbuki-huawei-matebook-14-53012nvl/,86290.0
Huawei MateBook 14 53012NVN,/noutbuki-huawei-matebook-14-53012nvn/,103490.0
Huawei MateBook B3-410 53012KFU,/noutbuki-huawei-matebook-b3-410-53012kfu/,133390.0
Huawei MateBook B3-420 53012AMR,/noutbuki-huawei-matebook-b3-420-53012amr/,159590.0
Huawei MateBook B5-430 53012KFS,/noutbuki-huawei-matebook-b5-430-53012kfs/,178290.0
Huawei MateBook D 14 53012TLK,/noutbuki-huawei-matebook-d-14-53012tlk/,67890.0
Huawei MateBook D 14 53012WTP,/noutbuki-huawei-matebook-d-14-53012wtp/,67290.0
Huawei MateBook D 15 53012TLV,/noutbuki-huawei-matebook-d-15-53012tlv/,62090.0
Lenovo IdeaPad 5 14ALC05 (82LM009XRU),/noutbuki-lenovo-ideapad-5-14alc05-82lm009xru/,67890.0
Lenovo IdeaPad L3 15ITL6 (82HL0036RK),/noutbuki-lenovo-ideapad-l3-15itl6-82hl0036rk/,30190.0
Lenovo IdeaPad L3 15ITL6 (82HL003ARK),/noutbuki-lenovo-ideapad-l3-15itl6-82hl003ark/,36790.0
Lenovo IdeaPad L3 15ITL6 (82HL003KRU),/noutbuki-lenovo-ideapad-l3-15itl6-82hl003kru/,38990.0
Lenovo Thinkbook 15 G2 ITL (20VE00UCRU),/noutbuki-lenovo-thinkbook-15-20ve00ucru/,84490.0
Lenovo Thinkbook 15 G2 (20VE00UBRU),/noutbuki-lenovo-thinkbook-15-g2-20ve00ubru/,80190.0
Lenovo ThinkPad E15 G3 (20YG0041RT),/noutbuki-lenovo-thinkpad-e15-20yg0041rt/,69790.0
Lenovo ThinkPad X12 Detachable (20UW0004RT),/noutbuki-lenovo-thinkpad-x12-detachable-20uw0004rt/,180390.0
Acer Aspire A315-56-33Z3 (NX.HS6ER.00J),/noutbuki-acer-aspire-a315-56-33z3-nxhs6er00j/,45999.0
Acer Aspire A315-56-513B (NX.HS5ER.025),/noutbuki-acer-aspire-a315-56-513b-nxhs5er025/,49990.0
Acer Aspire A315-56-55JG (NX.HS5ER.003),/noutbuki-acer-aspire-a315-56-55jg-nxhs5er003/,62890.0
Acer Extensa EX215-22-R58J (NX.EG9ER.014),/noutbuki-acer-extensa-ex215-22-r58j-nxeg9er014/,80490.0
Acer Extensa EX215-31-P0HL (NX.EFTER.015),/noutbuki-acer-extensa-ex215-31-p0hl-nxefter015/,44890.0
Acer Extensa EX215-52-50JT (NX.EG8ER.00A),/noutbuki-acer-extensa-ex215-52-50jt-nxeg8er00a/,48899.0
Acer Extensa EX215-52-54D6 (NX.EG8ER.00V),/noutbuki-acer-extensa-ex215-52-54d6-nxeg8er00v/,59790.0
Acer TravelMate P2 TMP215-53-559N (NX.VPVER.003),/noutbuki-acer-travelmate-p2-tmp215-53-559n-nxvpver003/,81690.0
ASUS A516JA-BQ1918W (90NB0SR1-M42450),/noutbuki-asus-a516ja-bq1918w-90nb0sr1-m42450/,98890.0
ASUS K3500PA-L1091W (90NB0UU2-M03930),/noutbuki-asus-k3500pa-l1091w-90nb0uu2-m03930/,101190.0
ASUS K513EA-L12026T (90NB0SG1-M30710),/noutbuki-asus-k513ea-l12026t-90nb0sg1-m30710/,78190.0
ASUS K513EA-L12041W (90NB0SG3-M002B0),/noutbuki-asus-k513ea-l12041w-90nb0sg3-m002b0/,101190.0
ASUS K513EA-L12779W (90NB0SG3-M001Y0),/noutbuki-asus-k513ea-l12779w-90nb0sg3-m001y0/,66690.0
HP 15-dw1208ur (4L5Y2EA),/noutbuki-hp-15-dw1208ur-4l5y2ea/,81690.0
HP 15s-eq1332ur (3C8P3EA),/noutbuki-hp-15s-eq1332ur-3c8p3ea/,27990.0
HP 15s-fq2095ur (640P7EA),/noutbuki-hp-15s-fq2095ur-640p7ea/,91990.0
HP 17-cp0093ur (4E2G6EA),/noutbuki-hp-17-cp0093ur-4e2g6ea/,103990.0
HP 17-cp0140ur (61R60EA),/noutbuki-hp-17-cp0140ur-61r60ea/,71550.0
HP 250 G8 (27J93EA),/noutbuki-hp-250-g8-27j93ea/,60990.0
HP 255 G7 (202W5EA),/noutbuki-hp-255-g7-202w5ea/,32690.0
HP 255 G7 (202W6EA),/noutbuki-hp-255-g7-202w6ea/,36790.0
HP 255 G8 (27K40EA),/noutbuki-hp-255-g8-27k40ea/,60440.0
HP 255 G8 (3A5Y5EA),/noutbuki-hp-255-g8-3a5y5ea/,37830.0
HP 255 G8 (3V5M2EA),/noutbuki-hp-255-g8-3v5m2ea/,63990.0
HP 255 G8 (43W10EA),/noutbuki-hp-255-g8-43w10ea/,42999.0
HP 470 G8 (3Z6H6ES),/noutbuki-hp-470-g8-3z6h6es/,82790.0
HP Pavilion Aero 13-be0032ur (4L5M9EA),/noutbuki-hp-pavilion-aero-13-be0032ur-4l5m9ea/,116990.0
HP ProBook 440 G8 (5B6M3ES),/noutbuki-hp-probook-440-g8-5b6m3es/,121890.0
HP VICTUS 16-e0079ur (4E1L1EA),/noutbuki-hp-victus-16-e0079ur-4e1l1ea/,120790.0
Lenovo IdeaPad 3 (81WB011SRK),/noutbuki-lenovo-ideapad-3-81wb011srk/,59790.0
Lenovo IdeaPad 3 (81WB011TRK),/noutbuki-lenovo-ideapad-3-81wb011trk/,61070.0
Lenovo IdeaPad 3 (81WQ006DRK),/noutbuki-lenovo-ideapad-3-81wq006drk/,40290.0
Lenovo IdeaPad 3 (81WQ00JFRK),/noutbuki-lenovo-ideapad-3-81wq00jfrk/,31090.0
Lenovo IdeaPad 3 (81X800BFRK),/noutbuki-lenovo-ideapad-3-81x800bfrk/,42590.0
Lenovo IdeaPad 3 (81X800BYRU),/noutbuki-lenovo-ideapad-3-81x800byru/,42990.0
Lenovo IdeaPad 3 (81X800J6RU),/noutbuki-lenovo-ideapad-3-81x800j6ru/,39540.0
Lenovo IdeaPad 3 (82HL0039RK),/noutbuki-lenovo-ideapad-3-82hl0039rk/,64990.0
Lenovo IdeaPad 5 Pro 14ITL6 (82L3008PRK),/noutbuki-lenovo-ideapad-5-pro-14itl6-82l3008prk/,100690.0
Lenovo ThinkBook 14 G2 (20VD00XSRU),/noutbuki-lenovo-thinkbook-14-g2-20vd00xsru/,98790.0
Lenovo Thinkbook 15 G2 (20VE0045RU),/noutbuki-lenovo-thinkbook-15-g2-20ve0045ru/,126490.0
Lenovo Thinkbook 15 G2 (20VE00U8RU),/noutbuki-lenovo-thinkbook-15-g2-20ve00u8ru/,103490.0
Lenovo Thinkbook 15 G2 (20VE00U9RU),/noutbuki-lenovo-thinkbook-15-g2-20ve00u9ru/,120790.0
Lenovo Thinkbook 15 G2 (20VEA0DPRU),/noutbuki-lenovo-thinkbook-15-g2-20vea0dpru/,78990.0
Lenovo ThinkBook 15 G2 (20VEA0N9RU),/noutbuki-lenovo-thinkbook-15-g2-20vea0n9ru/,98890.0
Lenovo ThinkBook 15 G3 (21A4003YRU),/noutbuki-lenovo-thinkbook-15-g3-21a4003yru/,71290.0
Lenovo V15 GEN2 (82KB0001RU),/noutbuki-lenovo-v15-gen2-82kb0001ru/,43690.0
Lenovo V15 GEN2 (82KB003GRU),/noutbuki-lenovo-v15-gen2-82kb003gru/,69990.0
Lenovo V15-ADA (82C70091RU),/noutbuki-lenovo-v15-ada-82c70091ru/,31090.0
Lenovo V15-IGL (82C3001QRU),/noutbuki-lenovo-v15-igl-82c3001qru/,31090.0
Lenovo V15-IGL (82C3008HRU),/noutbuki-lenovo-v15-igl-82c3008hru/,26490.0
MSI GF63 11UC-218XRU (9S7-16R612-218),/noutbuki-msi-gf63-11uc-218xru-9s7-16r612-218/,111590.0
Acer Extensa EX215-22-R1SJ (NX.EG9ER.00D),/noutbuki-acer-extensa-ex215-22-r1sj-nxeg9er00d/,46400.0
ASUS X415EA (90NB0TT2-M08440),/noutbuki-asus-x415ea-90nb0tt2-m08440/,41390.0
HP 250 G8 (2W8Z4EA),/noutbuki-hp-250-g8-2w8z4ea/,39999.0
HP 250 G8 (45R40EA),/noutbuki-hp-250-g8-45r40ea/,67790.0
HP Pavilion Gaming 17-cd2080ur (638F8EA),/noutbuki-hp-pavilion-gaming-17-cd2080ur-638f8ea/,145499.0
HP Pavilion Gaming 17-cd2081ur (638F9EA),/noutbuki-hp-pavilion-gaming-17-cd2081ur-638f9ea/,119999.0
HP ProBook 450 G8 (32M62EA),/noutbuki-hp-probook-450-g8-32m62ea/,61699.0
Lenovo IdeaPad 3 15ALC6 (82KU00JQRK),/noutbuki-lenovo-ideapad-3-15alc6-82ku00jqrk/,56990.0
Lenovo IdeaPad 3 (82HL005VRK),/noutbuki-lenovo-ideapad-3-82hl005vrk/,40290.0
Lenovo IdeaPad L3 15ITL6 (82HL008WRU),/noutbuki-lenovo-ideapad-l3-15itl6-82hl008wru/,39490.0
Lenovo IP Gaming3 15IHU6 (82K100Y6RU),/noutbuki-lenovo-ip-gaming3-15ihu6-82k100y6ru/,104570.0
Lenovo L3 15ITL6 (82HL008TRU),/noutbuki-lenovo-l3-15itl6-82hl008tru/,56390.0
MSI Bravo 15 B5DD-218XRU (9S7-158K12-218),/noutbuki-msi-bravo-15-b5dd-218xru-9s7-158k12-218/,92360.0
MSI Bravo 15 B5DD-219XRU 9S7-158K12-219,/noutbuki-msi-bravo-15-b5dd-219xru-9s7-158k12-219/,94990.0
MSI GL66 11UEK-207XRU (9S7-158124-207),/noutbuki-msi-gl66-11uek-207xru-9s7-158124-207/,181190.0
MSI Prestige 14 A11SC-025RU (9S7-14C511-025),/noutbuki-msi-prestige-14-a11sc-025ru-9s7-14c511-025/,152990.0
MSI Prestige 14 A11SC-078RU (9S7-14C512-078),/noutbuki-msi-prestige-14-a11sc-078ru-9s7-14c512-078/,128299.0
Acer EX215-52-34U4 (NX.EG8ER.014),/noutbuki-acer-ex215-52-34u4-nxeg8er014/,37980.0
Acer Extensa EX215-22-R842 (NX.EG9ER.00C),/noutbuki-acer-extensa-ex215-22-r842-nxeg9er00c/,60980.0
Acer Extensa EX215-31-P52D (NX.EFTER.00Y),/noutbuki-acer-extensa-ex215-31-p52d-nxefter00y/,42590.0
ASUS CI5-1135G7 (K513EA-L11994W),/noutbuki-asus-ci5-1135g7-k513ea-l11994w/,82040.0
ASUS E510MA-BQ885W (90NB0Q64-M002T0),/noutbuki-asus-e510ma-bq885w-90nb0q64-m002t0/,47690.0
ASUS ExpertBook L1 L1500CDA-BQ0641T (90NX0401-M06740),/noutbuki-asus-expertbook-l1-l1500cda-bq0641t-90nx0401-m06740/,60440.0
ASUS ExpertBook L1 L1500CDA-BQ0642 (90NX0401-M06750),/noutbuki-asus-expertbook-l1-l1500cda-bq0642-90nx0401-m06750/,59240.0
ASUS VivoBook Flip TP1401KA-EC075W (90NB0W42-M002M0),/noutbuki-asus-vivobook-flip-tp1401ka-ec075w-90nb0w42-m002m0/,50100.0
ASUS VivoBook Flip TP1401KA-EC076W (90NB0W43-M002N0),/noutbuki-asus-vivobook-flip-tp1401ka-ec076w-90nb0w43-m002n0/,52040.0
ASUS VivoBook Pro Series K3500PA-L1042W (90NB0UU2-M03210),/noutbuki-asus-vivobook-pro-series-k3500pa-l1042w-90nb0uu2-m03210/,94500.0
ASUS VivoBook Pro Series M3500QA-L1220W (90NB0US1-M002U0),/noutbuki-asus-vivobook-pro-series-m3500qa-l1220w-90nb0us1-m002u0/,86100.0
ASUS VivoBook Pro Series N7600PC-L2012X (90NB0UI3-M03160),/noutbuki-asus-vivobook-pro-series-n7600pc-l2012x-90nb0ui3-m03160/,131240.0
ASUS VivoBook Pro Series N7600PC-L2029X (90NB0UI2-M03150),/noutbuki-asus-vivobook-pro-series-n7600pc-l2029x-90nb0ui2-m03150/,153300.0
ASUS VivoBook Series K513EA-L11139T (90NB0SG2-M18330),/noutbuki-asus-vivobook-series-k513ea-l11139t-90nb0sg2-m18330/,74840.0
ASUS VivoBook Series K513EA-L11309W 90NB0SG1-M000L0,/noutbuki-asus-vivobook-series-k513ea-l11309w-90nb0sg1-m000l0/,62350.0
ASUS VivoBook Series K513EA-L12022W (90NB0SG2-M013E0),/noutbuki-asus-vivobook-series-k513ea-l12022w-90nb0sg2-m013e0/,84900.0
ASUS VivoBook Series M513UA-L1297W (90NB0TP1-M06840),/noutbuki-asus-vivobook-series-m513ua-l1297w-90nb0tp1-m06840/,78440.0
ASUS ZenBook Flip UP5401EA-KN123W (90NB0V41-M004C0),/noutbuki-asus-zenbook-flip-up5401ea-kn123w-90nb0v41-m004c0/,155240.0
ASUS ZenBook Series UX325EA-KG653W (90NB0SL1-M00A70),/noutbuki-asus-zenbook-series-ux325ea-kg653w-90nb0sl1-m00a70/,89150.0
ASUS ZenBook Series UX325EA-KG693W (90NB0SL1-M009E0),/noutbuki-asus-zenbook-series-ux325ea-kg693w-90nb0sl1-m009e0/,79640.0
ASUS ZenBook Series UX425EA-KI921W (90NB0SM1-M00BE0),/noutbuki-asus-zenbook-series-ux425ea-ki921w-90nb0sm1-m00be0/,119700.0
HP 15S-FQ2139UR (63Z30EA),/noutbuki-hp-15s-fq2139ur-63z30ea/,75300.0
HP 250 G8 3V5F4EA (3V5F4EA),/noutbuki-hp-250-g8-3v5f4ea-3v5f4ea/,77700.0
Lenovo IdeaPad Gaming 3 82K10025RK,/noutbuki-lenovo-ideapad-gaming-3-82k10025rk/,118490.0
Lenovo Legion 5 82NL000CRK,/noutbuki-lenovo-legion-5-82nl000crk/,119980.0
Lenovo Lenovo V14 82KC00ATRU,/noutbuki-lenovo-lenovo-v14-82kc00atru/,57130.0
MSI 11UC-219XRU (9S7-16R612-219),/noutbuki-msi-11uc-219xru-9s7-16r612-219/,92360.0
MSI A5EFK-062X (9S7-15CK11-062),/noutbuki-msi-a5efk-062x-9s7-15ck11-062/,162960.0
MSI Leopard 11UH-650X (9S7-154322-650),/noutbuki-msi-leopard-11uh-650x-9s7-154322-650/,205360.0
MSI Prestige A11UC-080 (9S7-16S711-080),/noutbuki-msi-prestige-a11uc-080-9s7-16s711-080/,103960.0
Lenovo ThinkPad T480 (20L50008RT),/noutbuki-lenovo-thinkpad-t480-20l50008rt/,92510.0
Acer TravelMate TMP2410-G2-M-34LY (NX.VGSER.004),/noutbuki-acer-travelmate-tmp2410-g2-m-34ly-nxvgser004/,40090.0
Dell Inspiron 5570 (5570-3809),/noutbuki-dell-inspiron-5570-5570-3809/,39090.0
Dell Inspiron 5570 (5570-3953),/noutbuki-dell-inspiron-5570-5570-3953/,36790.0
Dell Latitude 3400 (3400-0898),/noutbuki-dell-latitude-3400-3400-0898/,47490.0
Dell Latitude 3500 (3500-0980),/noutbuki-dell-latitude-3500-3500-0980/,51390.0
Dell Vostro 3481 (3481-4097),/noutbuki-dell-vostro-3481-3481-4097/,29390.0
Dell Inspiron 3580 (3580-6471),/noutbuki-dell-inspiron-3580-3580-6471/,44290.0
Lenovo IdeaPad 330S-15IKB (81F500XFRU),/noutbuki-lenovo-ideapad-330s-15ikb-81f500xfru/,42390.0
Lenovo ThinkPad E490 (20N80017RT),/noutbuki-lenovo-thinkpad-e490-20n80017rt/,62390.0
Lenovo ThinkPad E490 (20N80019RT),/noutbuki-lenovo-thinkpad-e490-20n80019rt/,72590.0
Lenovo ThinkPad E490 (20N80029RT),/noutbuki-lenovo-thinkpad-e490-20n80029rt/,114890.0
Lenovo ThinkPad X390 (20Q0000KRT),/noutbuki-lenovo-thinkpad-x390-20q0000krt/,108190.0
Lenovo ThinkPad X390 (20Q0000LRT),/noutbuki-lenovo-thinkpad-x390-20q0000lrt/,105890.0
Lenovo ThinkPad T490 (20N2000BRT),/noutbuki-lenovo-thinkpad-t490-20n2000brt/,130590.0
Lenovo ThinkPad T490 (20N2000KRT),/noutbuki-lenovo-thinkpad-t490-20n2000krt/,148990.0
Lenovo ThinkPad T490s (20NX0007RT),/noutbuki-lenovo-thinkpad-t490s-20nx0007rt/,128390.0
Lenovo ThinkPad T490s (20NX000JRT),/noutbuki-lenovo-thinkpad-t490s-20nx000jrt/,128390.0
Lenovo ThinkPad T590 (20N4000HRT),/noutbuki-lenovo-thinkpad-t590-20n4000hrt/,106690.0
Lenovo ThinkPad T590 (20N4000JRT),/noutbuki-lenovo-thinkpad-t590-20n4000jrt/,100690.0
Lenovo ThinkPad T590 (20N4000FRT),/noutbuki-lenovo-thinkpad-t590-20n4000frt/,115590.0
ASUS ROG GL504GW (90NR01C1-M01960),/noutbuki-asus-rog-gl504gw-90nr01c1-m01960/,165490.0
MSI GE65 9SE-081RU Black (9S7-16U112-081),/noutbuki-msi-ge65-9se-081ru-black-9s7-16u112-081/,152390.0
Acer SF314-58G (NX.HPKER.001),/noutbuki-acer-sf314-58g-nxhpker001/,73990.0
Acer A315-42 (NX.HF9ER.018),/noutbuki-acer-a315-42-nxhf9er018/,27180.0
Acer EX215-21 (NX.EFUER.00T),/noutbuki-acer-ex215-21-nxefuer00t/,23590.0
Acer EX215-31 (NX.EFTER.006),/noutbuki-acer-ex215-31-nxefter006/,26090.0
Acer EX215-51G (NX.EG1ER.00F),/noutbuki-acer-ex215-51g-nxeg1er00f/,54290.0
Acer EX215-51K (NX.EFPER.008),/noutbuki-acer-ex215-51k-nxefper008/,29990.0
Dell G7 17-7790 (G717-8226),/noutbuki-dell-g7-17-7790-g717-8226/,151063.0
Dell Inspiron 5391-6950 Silver,/noutbuki-dell-inspiron-5391-6950-silver/,49990.0
Dell Inspiron 5490-8399 Silver,/noutbuki-dell-inspiron-5490-8399-silver/,62590.0
Dell Vostro 5391-4148 Grey,/noutbuki-dell-vostro-5391-4148-grey/,54490.0
Dell Vostro 5391-4155 Grey,/noutbuki-dell-vostro-5391-4155-grey/,64390.0
Dell Vostro 5490-7712 Grey,/noutbuki-dell-vostro-5490-7712-grey/,52190.0
Dell G515-8047 White,/noutbuki-dell-g515-8047-white/,101190.0
Dell Inspiron 3593-8659 Black,/noutbuki-dell-inspiron-3593-8659-black/,60290.0
MSI GL65 10SCSR-017RU Black (9S7-16U822-017),/noutbuki-msi-gl65-10scsr-017ru-black-9s7-16u822-017/,99990.0
Acer TravelMate TMP215-52-30CQ NX.VLLER.00R,/noutbuk-acer-travelmate-tmp215-52-30cq-nxvller00r/,43790.0
Lenovo ThinkPad E14-IML T (20RA001HRT),/noutbuk-lenovo-thinkpad-e14-iml-t-20ra001hrt/,135990.0
Lenovo ThinkPad T14 G1 T (20UD001DRT),/noutbuk-lenovo-thinkpad-t14-g1-t-20ud001drt/,108490.0
Lenovo ThinkPad T15 G1 T (20S6000RRT),/noutbuk-lenovo-thinkpad-t15-g1-t-20s6000rrt/,278690.0
Xiaomi Mi RedmiBook XMA2012-DB-DOS,/noutbuk-xiaomi-mi-redmibook-xma2012-db-dos/,99390.0
Dell G5 (G515-5980),/noutbuk-dell-g5/,127000.0
ASUS VivoBook X507MA-EJ012T Dark Grey (90NB0HL1-M00160),/noutbuki-asus-vivobook-x507ma-ej012t-dark-grey/,14990.0
Lenovo IP3 15IIL05 Grey (81WE0079RU),/noutbuk-lenovo-ip3-15iil05-grey-81we0079ru/,34990.0
Acer ConceptD 5 PRO CN515-71P-53SU Black (NX.C4XER.003),/noutbuk-acer-conceptd-5-pro-cn515-71p-53su-black-nxc4xer003/,153990.0
Apple MacBook Air 13 серебристый (Z12700034),/noutbuk-apple-macbook-air-13-serebristyy-z12700034-2020/,159990.0
MSI GE76 11UH-440RU Titanium Grey (9S7-17K314-440),/noutbuk-msi-ge76-11uh-440ru-titanium-grey-9s7-17k314-440/,372430.0
Apple MacBook Air 13 M1 2022 серебристый (Z12700036),/noutbuk-apple-macbook-air-13-m1-2022-serebristyy-z12700036/,199990.0
MSI GT75VR 7RE-054RU Titan SLI 4K,/noutbuki-msi-gt75vr-7re-054ru-titan-sli-4k/,170940.0
Lenovo Ideapad L340-15API Silver (81LW005ARK),/noutbuki-lenovo-ideapad-l340-15api-silver-81lw005ark/,39490.0
Apple MacBook Pro 13 M1 2020 серебристый (MYDA2RU-A),/noutbuk-apple-macbook-pro-13-m1-2020-serebristyy-myda2ru-a/,154990.0
Apple MacBook Pro 14 M1 PRO серый космос (MKGQ3RU/A),/noutbuk-apple-macbook-pro-14-m1-pro-seryy-kosmos/,284990.0
Apple MacBook Pro 14 M1 PRO серебристый (MKGT3RU/A),/noutbuk-apple-macbook-pro-14-m1-pro-serebristyy/,269990.0
Apple MacBook Pro 16 M1 PRO серый космос (MK183RU/A),/noutbuk-apple-macbook-pro-16-m1-pro-512gb-seryy-kosmos/,269990.0
Apple MacBook Pro 16 M1 PRO серый космос (MK193RU/A),/noutbuk-apple-macbook-pro-16-m1-pro-1tb-seryy-kosmos/,381990.0
Apple MacBook Pro 16 M1 MAX серый космос,/noutbuk-apple-macbook-pro-16-m1-max-1tb-seryy-kosmos/,397990.0
Lenovo IdeaPad 3 blue (81W4006YRK),/noutbuki-lenovo-ideapad-3-blue-81w4006yrk/,43690.0
